-- phpMyAdmin SQL Dump
-- version 5.2.0
-- https://www.phpmyadmin.net/
--
-- Máy chủ: 127.0.0.1
-- Thời gian đã tạo: Th10 18, 2022 lúc 04:20 AM
-- Phiên bản máy phục vụ: 10.4.24-MariaDB
-- Phiên bản PHP: 8.1.6

SET SQL_MODE = "NO_AUTO_VALUE_ON_ZERO";
START TRANSACTION;
SET time_zone = "+00:00";


/*!40101 SET @OLD_CHARACTER_SET_CLIENT=@@CHARACTER_SET_CLIENT */;
/*!40101 SET @OLD_CHARACTER_SET_RESULTS=@@CHARACTER_SET_RESULTS */;
/*!40101 SET @OLD_COLLATION_CONNECTION=@@COLLATION_CONNECTION */;
/*!40101 SET NAMES utf8mb4 */;

--
-- Cơ sở dữ liệu: `fpolymarket`
--

-- --------------------------------------------------------

--
-- Cấu trúc bảng cho bảng `account`
--

CREATE TABLE `account` (
  `Username` varchar(50) NOT NULL,
  `Password` varchar(50) NOT NULL,
  `IDNhanVien` varchar(10) NOT NULL,
  `TrangThai` smallint(1) NOT NULL DEFAULT 1,
  `BanHang` smallint(1) NOT NULL DEFAULT 1,
  `NhapHang` smallint(1) NOT NULL DEFAULT 1,
  `TaiKhoan` smallint(1) NOT NULL DEFAULT 1,
  `HangHoa` smallint(1) NOT NULL DEFAULT 1,
  `NhanVien` smallint(1) NOT NULL DEFAULT 1,
  `KhachHang` smallint(1) NOT NULL DEFAULT 1,
  `NhaCungCap` smallint(1) NOT NULL DEFAULT 1,
  `BaoCao` smallint(1) NOT NULL DEFAULT 1,
  `PhieuChi` smallint(1) NOT NULL DEFAULT 1
) ENGINE=InnoDB DEFAULT CHARSET=utf8;

--
-- Đang đổ dữ liệu cho bảng `account`
--

INSERT INTO `account` (`Username`, `Password`, `IDNhanVien`, `TrangThai`, `BanHang`, `NhapHang`, `TaiKhoan`, `HangHoa`, `NhanVien`, `KhachHang`, `NhaCungCap`, `BaoCao`, `PhieuChi`) VALUES
('admin', '123', 'admin', 1, 1, 1, 1, 1, 1, 1, 1, 1, 1),
('hello', 'Venus19032001@', 'NV06', 1, 1, 1, 0, 1, 0, 1, 1, 1, 1),
('Khai01', '01', 'NV09', 1, 1, 1, 1, 1, 1, 1, 1, 1, 1),
('username', 'Venus19032001@', 'NV4', 1, 0, 1, 0, 0, 0, 0, 0, 0, 0),
('username1', 'Venus19032001@', 'NV09', 1, 0, 1, 0, 1, 0, 0, 1, 1, 1),
('Venus19032000', 'Venus19032001@', 'NV06', 1, 1, 1, 0, 1, 0, 1, 1, 1, 1),
('Venus19032001', 'Venus19032001@', 'NV06', 1, 1, 1, 0, 1, 0, 1, 1, 1, 1),
('Venus19032001@', '', 'NV07', 1, 1, 1, 0, 1, 0, 1, 1, 1, 1);

-- --------------------------------------------------------

--
-- Cấu trúc bảng cho bảng `chitiethoadon`
--

CREATE TABLE `chitiethoadon` (
  `idhoadon` varchar(10) DEFAULT NULL,
  `idsanpham` varchar(10) DEFAULT NULL,
  `soluong` int(11) DEFAULT NULL,
  `giaBan` decimal(10,0) NOT NULL DEFAULT 0,
  `trangThai` smallint(1) NOT NULL
) ENGINE=InnoDB DEFAULT CHARSET=utf8;

--
-- Đang đổ dữ liệu cho bảng `chitiethoadon`
--

INSERT INTO `chitiethoadon` (`idhoadon`, `idsanpham`, `soluong`, `giaBan`, `trangThai`) VALUES
('HD09106893', 'SP03Aiaav', 1, '60000', 1),
('HD09106893', 'SP03Aiaavf', 1, '150000', 1),
('HD09103947', 'SP03A', 1, '5000', 1),
('HD09103947', 'SP03Ai', 1, '15000', 1),
('HD09103947', 'SP02Av', 1, '7000', 1),
('HD09107470', 'SP03A', 1, '5000', 1),
('HD09102306', 'SP03A', 1, '5000', 1),
('HD09102306', 'SP03Ai', 1, '15000', 1),
('HD09107504', 'SP03Aiaav', 3, '60000', 1),
('HD09107504', 'SP03Aiaavf', 1, '150000', 1),
('HD09107504', 'SP03Aiaa', 1, '15000', 1),
('HD09100037', 'SP021', 1, '15000', 1),
('HD09100037', 'SP022', 1, '20000', 1),
('HD09100037', 'SP012', 1, '90000', 1),
('HD10109039', 'SP020', 1, '12000', 1),
('HD10109039', 'SP021', 1, '15000', 1),
('HD10109039', 'SP022', 1, '20000', 1),
('HD13104128', 'SP021', 1, '15000', 1),
('HD13104128', 'SP022', 1, '20000', 1),
('HD13104128', 'SP012', 1, '90000', 1),
('HD13102514', 'SP021', 1, '15000', 1),
('HD13102514', 'SP022', 1, '20000', 1),
('HD13107562', 'SP020', 1, '12000', 1),
('HD13107562', 'SP021', 1, '15000', 1),
('HD13108021', 'SP021', 1, '15000', 1),
('HD13108021', 'SP020', 1, '12000', 1),
('HD13108021', 'SP022', 1, '20000', 1),
('HD13101230', 'SP020', 1, '12000', 1),
('HD13101230', 'SP021', 1, '15000', 1),
('HD13105822', 'SP021', 1, '15000', 1),
('HD13105822', 'SP020', 1, '12000', 1),
('HD13105822', 'SP022', 1, '20000', 1),
('HD13100789', 'SP022', 2, '20000', 1),
('HD13100789', 'SP021', 1, '15000', 1),
('HD13100789', 'SP020', 1, '12000', 1),
('HD13100789', 'SP012', 1, '90000', 1),
('HD14107989', 'SP020', 1, '12000', 1),
('HD14107989', 'SP021', 1, '15000', 1),
('HD14107048', 'SP021', 1, '15000', 1),
('HD14107048', 'SP020', 1, '12000', 1),
('HD14107048', 'SP022', 1, '20000', 1),
('HD14100591', 'SP020', 2, '12000', 1),
('HD14100591', 'SP021', 2, '15000', 1),
('HD14100591', 'SP022', 1, '20000', 1),
('HD14100374', 'SP021', 1, '15000', 1),
('HD14100374', 'SP020', 1, '12000', 1),
('HD14100374', 'SP022', 1, '20000', 1),
('HD16106685', 'SP022', 1, '20000', 1),
('HD16106685', 'SP012', 1, '90000', 1),
('HD16106685', 'SP013', 1, '50000', 1),
('HD16105595', 'SP022', 1, '20000', 1),
('HD16105595', 'SP012', 1, '90000', 1),
('HD17100934', 'SP021', 1, '15000', 1),
('HD17100934', 'SP022', 1, '20000', 1),
('HD17109248', 'SP021', 1, '15000', 1),
('HD17109248', 'SP020', 1, '12000', 1),
('HD17109248', 'SP022', 2, '20000', 1),
('HD17109248', 'SP012', 1, '90000', 1),
('HD17101995', 'SP01Bc', 1, '15000', 1),
('HD17101995', 'SP02A', 1, '7000', 1),
('HD17101995', 'SP02Av', 1, '7000', 1),
('HD17107314', 'SP020', 1, '12000', 1),
('HD17107314', 'SP021', 1, '15000', 1),
('HD17107314', 'SP022', 1, '20000', 1),
('HD17105017', 'SP021', 1, '15000', 1),
('HD17105017', 'SP020', 1, '12000', 1),
('HD17105017', 'SP012', 1, '90000', 1),
('HD17105017', 'SP03Aiaavf', 1, '150000', 1),
('HD17105017', 'SP03Aiaav', 1, '60000', 1),
('HD17108614', 'SP020', 1, '12000', 1),
('HD17108614', 'SP021', 1, '15000', 1),
('HD17108614', 'SP022', 1, '20000', 1),
('HD17105658', 'SP012', 2, '90000', 1),
('HD17105658', 'SP022', 1, '20000', 1),
('HD17105658', 'SP021', 1, '15000', 1),
('HD17105658', 'SP020', 1, '12000', 1),
('HD17105658', 'SP013', 1, '50000', 1),
('HD17105658', 'SP03Aiaavf', 1, '150000', 1),
('HD17105658', 'SP03Aiaav', 1, '60000', 1),
('HD17107361', 'SP022', 1, '20000', 1),
('HD17107361', 'SP012', 1, '90000', 1),
('HD18103868', 'SP021', 1, '15000', 1),
('HD18103868', 'SP022', 1, '20000', 1),
('HD18103868', 'SP012', 1, '90000', 1),
('HD18105425', 'SP022', 1, '20000', 1),
('HD18105425', 'SP012', 1, '90000', 1),
('HD18105425', 'SP013', 1, '50000', 1),
('HD18101975', 'SP022', 1, '20000', 1),
('HD18101975', 'SP012', 1, '90000', 1),
('HD18101975', 'SP013', 1, '50000', 1),
('HD18108611', 'SP012', 1, '90000', 1),
('HD18108611', 'SP013', 1, '50000', 1),
('HD18100800', 'SP022', 1, '20000', 1),
('HD18100800', 'SP012', 2, '90000', 1),
('HD18100800', 'SP013', 2, '50000', 1),
('HD18100800', 'SP015', 1, '46000', 1),
('HD18108017', 'SP022', 1, '20000', 1),
('HD18108017', 'SP012', 1, '90000', 1),
('HD18108017', 'SP021', 1, '15000', 1),
('HD18101563', 'SP03Ai', 2, '15000', 1),
('HD18101563', 'SP024', 1, '10000', 1),
('HD18101563', 'SP023', 1, '12000', 1),
('HD18105211', 'SP020', 1, '12000', 1),
('HD18105211', 'SP021', 1, '15000', 1),
('HD18105211', 'SP022', 1, '20000', 1),
('HD18102500', 'SP021', 2, '15000', 1),
('HD18102500', 'SP022', 1, '20000', 1),
('HD18108442', 'SP023', 100, '12000', 1),
('HD18105311', 'SP021', 1, '15000', 1),
('HD18105311', 'SP022', 1, '20000', 1),
('HD18109074', 'SP023', 100, '12000', 1),
('HD18109074', 'SP024', 3, '10000', 1),
('HD18106878', 'SP024', 8, '10000', 1),
('HD18106878', 'SP03Ai', 2, '15000', 1),
('HD22108028', 'SP026', 1, '900000', 1),
('HD22101372', 'SP027', 5, '10000', 1),
('HD22109532', 'SP027', 10, '10000', 1),
('HD22109532', 'SP026', 9, '900000', 1),
('HD22109532', 'SP012', 12, '90000', 1),
('HD26106704', 'SP021', 2, '15000', 1),
('HD26106704', 'SP020', 1, '12000', 1),
('HD26106704', 'SP022', 1, '20000', 1),
('HD26106704', 'SP025', 1, '5000', 1),
('HD26100892', 'SP022', 1, '20000', 1),
('HD26100892', 'SP025', 1, '5000', 1),
('HD26100892', 'SP026', 1, '900000', 1),
('HD26109523', 'SP020', 1, '12000', 1),
('HD26109523', 'SP021', 1, '15000', 1),
('HD26109523', 'SP022', 1, '20000', 1),
('HD26109523', 'SP025', 1, '5000', 1),
('HD26109523', 'SP026', 1, '900000', 1),
('HD02118317', 'SP020', 1, '12000', 1),
('HD02118317', 'SP021', 1, '15000', 1),
('HD02118317', 'SP022', 1, '20000', 1),
('HD02118317', 'SP025', 1, '5000', 1),
('HD02115461', 'SP021', 1, '15000', 1),
('HD02115461', 'SP022', 1, '20000', 1),
('HD02115461', 'SP025', 1, '5000', 1),
('HD02116520', 'SP020', 1, '12000', 1),
('HD02116520', 'SP021', 1, '15000', 1),
('HD02116520', 'SP022', 1, '20000', 1),
('HD02116520', 'SP025', 1, '5000', 1),
('HD02116520', 'SP03Aiaav', 1, '60000', 1),
('HD02116520', 'SP03Aiaavf', 1, '150000', 1),
('HD02116520', 'SP014', 1, '5000', 1),
('HD02118327', 'SP021', 1, '15000', 1),
('HD02118327', 'SP022', 1, '20000', 1),
('HD02118327', 'SP025', 1, '5000', 1),
('HD02118327', 'SP019', 1, '5000', 1),
('HD02118327', 'SP015', 1, '46000', 1),
('HD02114127', 'SP020', 1, '12000', 1),
('HD02114127', 'SP021', 1, '15000', 1),
('HD02114127', 'SP022', 1, '20000', 1),
('HD02114127', 'SP025', 1, '5000', 1),
('HD02114127', 'SP012', 1, '90000', 1),
('HD02114127', 'SP013', 1, '50000', 1),
('HD02114127', 'SP015', 1, '46000', 1),
('HD02114127', 'SP01Ac', 1, '10000', 1),
('HD02114127', 'SP01B', 1, '15000', 1),
('HD02117406', 'SP021', 1, '15000', 1),
('HD02117406', 'SP022', 1, '20000', 1),
('HD02117406', 'SP020', 1, '12000', 1),
('HD02117406', 'SP012', 1, '90000', 1),
('HD04117789', 'SP021', 1, '15000', 1),
('HD04117789', 'SP020', 1, '12000', 1),
('HD04117789', 'SP022', 1, '20000', 1),
('HD04119011', 'SP020', 1, '12000', 1),
('HD04119011', 'SP021', 1, '15000', 1),
('HD04119011', 'SP022', 1, '20000', 1),
('HD04112525', 'SP021', 1, '15000', 1),
('HD04112525', 'SP022', 1, '20000', 1),
('HD04117167', 'SP020', 1, '12000', 1),
('HD04117167', 'SP021', 1, '15000', 1),
('HD04117167', 'SP022', 1, '20000', 1),
('HD04117167', 'SP025', 1, '5000', 1),
('HD04114121', 'SP021', 1, '15000', 1),
('HD04114121', 'SP020', 1, '12000', 1),
('HD04117489', 'SP021', 2, '15000', 1),
('HD04117489', 'SP020', 1, '12000', 1),
('HD04117489', 'SP022', 1, '20000', 1),
('HD04111276', 'SP021', 1, '15000', 1),
('HD04111276', 'SP022', 1, '20000', 1),
('HD04111276', 'SP025', 1, '5000', 1),
('HD04113938', 'SP020', 1, '12000', 1),
('HD04113938', 'SP021', 1, '15000', 1),
('HD04119600', 'SP020', 1, '12000', 1),
('HD04119600', 'SP022', 1, '20000', 1),
('HD04119600', 'SP025', 1, '5000', 1),
('HD04119215', 'SP025', 1, '5000', 1),
('HD04119215', 'SP026', 1, '900000', 1),
('HD04119215', 'SP023', 1, '12000', 1),
('HD04111308', 'SP021', 1, '15000', 1),
('HD04111308', 'SP022', 1, '20000', 1),
('HD04111308', 'SP025', 1, '5000', 1),
('HD04116006', 'SP021', 3, '15000', 1),
('HD04116006', 'SP020', 1, '12000', 1),
('HD04116006', 'SP022', 3, '20000', 1),
('HD04116006', 'SP025', 2, '5000', 1),
('HD04116006', 'SP026', 1, '900000', 1),
('HD04116006', 'SP02A', 1, '7000', 1),
('HD04119719', 'SP022', 1, '20000', 1),
('HD04119719', 'SP021', 1, '15000', 1),
('HD04113873', 'SP022', 1, '20000', 1),
('HD04113873', 'SP025', 1, '5000', 1),
('HD04113873', 'SP026', 1, '900000', 1),
('HD04119279', 'SP020', 1, '12000', 1),
('HD04119279', 'SP021', 1, '15000', 1),
('HD04119279', 'SP022', 1, '20000', 1),
('HD04119279', 'SP025', 1, '5000', 1),
('HD04110353', 'SP019', 1, '5000', 1),
('HD04110353', 'SP01956', 1, '5000', 1),
('HD04118126', 'SP03A', 1, '5000', 1),
('HD04118126', 'SP03Ai', 2, '15000', 1),
('HD04118126', 'SP03Aiaa', 1, '15000', 1),
('HD04118126', 'SP02Av', 2, '7000', 1),
('HD04110065', 'SP01Bc', 1, '15000', 1),
('HD04110065', 'SP02A', 1, '7000', 1),
('HD04110065', 'SP02Av', 1, '7000', 1),
('HD05115625', 'SP021', 1, '15000', 1),
('HD05115625', 'SP020', 1, '12000', 1),
('HD05114750', 'SP020', 1, '12000', 1),
('HD05114750', 'SP021', 1, '15000', 1),
('HD05117586', 'SP020', 1, '12000', 1),
('HD05117586', 'SP021', 1, '15000', 1),
('HD05117586', 'SP022', 1, '20000', 1),
('HD05114844', 'SP03Aiaav', 1, '60000', 1),
('HD05114844', 'SP03Aiaavf', 2, '150000', 1),
('HD05114844', 'SP03Aiaa', 1, '15000', 1),
('HD05114844', 'SP03Ai', 1, '15000', 1),
('HD05114844', 'SP014', 1, '5000', 1),
('HD05114844', 'SP026', 1, '900000', 1),
('HD05114844', 'SP025', 1, '5000', 1),
('HD05114844', 'SP021', 2, '15000', 1),
('HD05114844', 'SP020', 2, '12000', 1),
('HD05114844', 'SP022', 1, '20000', 1),
('HD05114844', 'SP013', 1, '50000', 1),
('HD05116301', 'SP020', 1, '12000', 1),
('HD05116301', 'SP021', 1, '15000', 1),
('HD05116301', 'SP022', 1, '20000', 1),
('HD05116301', 'SP03Ai', 2, '15000', 1),
('HD05116301', 'SP03Aiaa', 3, '15000', 1),
('HD05116301', 'SP03Aiaav', 2, '60000', 1),
('HD05116301', 'SP014', 1, '5000', 1),
('HD05116301', 'SP03Aiaavf', 3, '150000', 1),
('HD05116301', 'SP03A', 1, '5000', 1),
('HD05116301', 'SP025', 2, '5000', 1),
('HD05116301', 'SP026', 1, '900000', 1),
('HD05116301', 'SP023', 1, '12000', 1),
('HD05116301', 'SP018', 1, '2222', 1),
('HD05117155', 'SP021', 1, '15000', 1),
('HD05117155', 'SP022', 1, '20000', 1),
('HD05117155', 'SP025', 1, '5000', 1),
('HD05112073', 'SP021', 1, '15000', 1),
('HD05112073', 'SP020', 1, '12000', 1),
('HD05112073', 'SP022', 1, '20000', 1),
('HD05112073', 'SP025', 1, '5000', 1),
('HD05113899', 'SP021', 1, '15000', 1),
('HD05113899', 'SP022', 1, '20000', 1),
('HD05113899', 'SP025', 1, '5000', 1),
('HD05115725', 'SP021', 1, '15000', 1),
('HD05115725', 'SP022', 1, '20000', 1),
('HD06112126', 'SP021', 1, '15000', 1),
('HD06112126', 'SP022', 1, '20000', 1),
('HD06112126', 'SP025', 1, '5000', 1),
('HD06116318', 'SP03Ai', 1, '15000', 1),
('HD06116318', 'SP03Aiaa', 1, '15000', 1),
('HD06116318', 'SP03Aiaav', 1, '60000', 1),
('HD06110516', 'SP021', 1, '15000', 1),
('HD06110516', 'SP025', 1, '5000', 1),
('HD06119231', 'SP03Ai', 1, '15000', 1),
('HD06119231', 'SP03Aiaa', 1, '15000', 1),
('HD06119231', 'SP03Aiaav', 1, '60000', 1),
('HD06119899', 'SP025', 1, '5000', 1),
('HD06119899', 'SP026', 1, '900000', 1),
('HD06114759', 'SP03Ai', 2, '15000', 1),
('HD06114759', 'SP03Aiaa', 1, '15000', 1),
('HD06114759', 'SP03A', 1, '5000', 1),
('HD06114759', 'SP02Av', 1, '7000', 1),
('HD06114759', 'SP03Aiaavf', 2, '150000', 1),
('HD06114759', 'SP014', 1, '5000', 1),
('HD06116674', 'SP026', 1, '900000', 1),
('HD06117739', 'SP026', 1, '900000', 1),
('HD06118082', 'SP03Aiaavf', 1, '150000', 1),
('HD06118082', 'SP014', 1, '5000', 1),
('HD06118082', 'SP03Aiaa', 1, '15000', 1),
('HD06111557', 'SP02A', 1, '7000', 1),
('HD06111557', 'SP02Av', 1, '7000', 1),
('HD06115753', 'SP021', 1, '15000', 1),
('HD06115753', 'SP022', 1, '20000', 1),
('HD06116803', 'SP025', 1, '5000', 1),
('HD06116803', 'SP026', 1, '900000', 1),
('HD06115483', 'SP022', 1, '20000', 1),
('HD06115483', 'SP025', 1, '5000', 1),
('HD06117689', 'SP022', 1, '20000', 1),
('HD06117689', 'SP025', 1, '5000', 1),
('HD06115773', 'SP01Bc', 1, '15000', 1),
('HD06115773', 'SP02A', 1, '7000', 1),
('HD06115773', 'SP02Av', 1, '7000', 1),
('HD06119555', 'SP025', 1, '5000', 1),
('HD06119555', 'SP022', 1, '20000', 1),
('HD06119555', 'SP026', 1, '900000', 1),
('HD06115375', 'SP025', 1, '5000', 1),
('HD06115375', 'SP026', 1, '900000', 1),
('HD06110214', 'SP02A', 1, '7000', 1),
('HD06110214', 'SP02Av', 1, '7000', 1),
('HD06110214', 'SP03A', 1, '5000', 1),
('HD06110214', 'SP014', 1, '5000', 1),
('HD06110214', 'SP03Aiaavf', 1, '150000', 1),
('HD06110227', 'SP03A', 1, '5000', 1),
('HD06110227', 'SP03Ai', 1, '15000', 1),
('HD06111074', 'SP03Ai', 1, '15000', 1),
('HD06111074', 'SP03Aiaa', 1, '15000', 1),
('HD06111074', 'SP03Aiaav', 1, '60000', 1),
('HD06117542', 'SP03Aiaav', 1, '60000', 1),
('HD06117542', 'SP03Aiaa', 1, '15000', 1),
('HD06117542', 'SP03Aiaavf', 1, '150000', 1),
('HD06119902', 'SP021', 1, '15000', 1),
('HD06119902', 'SP022', 1, '20000', 1),
('HD06119902', 'SP025', 1, '5000', 1),
('HD06112165', 'SP01Bc', 1, '15000', 1),
('HD06112165', 'SP02A', 1, '7000', 1),
('HD06112165', 'SP02Av', 1, '7000', 1),
('HD06112165', 'SP03Aiaavf', 1, '150000', 1),
('HD06112165', 'SP014', 1, '5000', 1),
('HD06110456', 'SP020', 1, '12000', 1),
('HD06110456', 'SP021', 1, '15000', 1),
('HD06110456', 'SP022', 1, '20000', 1),
('HD06110456', 'SP025', 1, '5000', 1),
('HD06110456', 'SP026', 1, '900000', 1),
('HD06110456', 'SP023', 1, '12000', 1),
('HD06110456', 'SP024', 1, '10000', 1),
('HD06110456', 'SP027', 1, '10000', 1),
('HD06110456', 'SP015', 1, '46000', 1),
('HD06110456', 'SP013', 1, '50000', 1),
('HD06110456', 'SP016', 1, '12000', 1),
('HD06110456', 'SP018', 1, '2222', 1),
('HD06110456', 'SP019', 1, '5000', 1),
('HD06110456', 'SP03Aiaavf', 2, '150000', 1),
('HD06110456', 'SP03Aiaav', 1, '60000', 1),
('HD06110456', 'SP03Aiaa', 1, '15000', 1),
('HD06110456', 'SP014', 1, '5000', 1),
('HD06118440', 'SP022', 1, '20000', 1),
('HD06118440', 'SP025', 1, '5000', 1),
('HD06118440', 'SP026', 1, '900000', 1),
('HD06118440', 'SP03Aiaav', 3, '60000', 1),
('HD06118440', 'SP03Aiaavf', 5, '150000', 1),
('HD06118440', 'SP03Aiaa', 2, '15000', 1),
('HD06118440', 'SP014', 2, '5000', 1),
('HD06112066', 'SP020', 1, '12000', 1),
('HD06112066', 'SP021', 1, '15000', 1),
('HD06112066', 'SP022', 1, '20000', 1),
('HD06112066', 'SP025', 1, '5000', 1),
('HD06112066', 'SP026', 1, '900000', 1),
('HD06112066', 'SP023', 2, '12000', 1),
('HD06112066', 'SP024', 1, '10000', 1),
('HD06112066', 'SP027', 1, '10000', 1),
('HD06112066', 'SP013', 1, '50000', 1),
('HD06112066', 'SP015', 1, '46000', 1),
('HD06112066', 'SP016', 1, '12000', 1),
('HD06112066', 'SP018', 1, '2222', 1),
('HD06112066', 'SP019', 1, '5000', 1),
('HD06112066', 'SP01956', 1, '5000', 1),
('HD06112066', 'SP03A', 1, '5000', 1),
('HD06112066', 'SP02Av', 1, '7000', 1),
('HD06112066', 'SP02A', 1, '7000', 1),
('HD06112066', 'SP03Ai', 2, '15000', 1),
('HD06112066', 'SP03Aiaa', 2, '15000', 1),
('HD06112066', 'SP03Aiaav', 1, '60000', 1),
('HD06112066', 'SP03Aiaavf', 1, '150000', 1),
('HD06112066', 'SP014', 1, '5000', 1),
('HD07117541', 'SP022', 1, '20000', 1),
('HD07117541', 'SP021', 1, '15000', 1),
('HD07117541', 'SP020', 1, '12000', 1),
('HD07117541', 'SP025', 1, '5000', 1),
('HD07117541', 'SP026', 1, '900000', 1),
('HD07117541', 'SP028', 1, '200000', 1),
('HD07117541', 'SP03Aiaavf', 1, '150000', 1),
('HD07117541', 'SP03Aiaav', 1, '60000', 1),
('HD07118448', 'SP021', 1, '15000', 1),
('HD07118448', 'SP022', 1, '20000', 1),
('HD07118448', 'SP025', 1, '5000', 1),
('HD07118448', 'SP026', 1, '900000', 1),
('HD07112098', 'SP021', 1, '15000', 1),
('HD07112098', 'SP022', 1, '20000', 1),
('HD07112098', 'SP025', 1, '5000', 1),
('HD07113684', 'SP021', 2, '15000', 1),
('HD07113684', 'SP020', 1, '12000', 1),
('HD07113962', 'SP022', 1, '20000', 1),
('HD07113962', 'SP021', 1, '15000', 1),
('HD07113962', 'SP025', 1, '5000', 1),
('HD07110871', 'SP022', 1, '20000', 1),
('HD07110871', 'SP021', 1, '15000', 1),
('HD07110871', 'SP020', 1, '12000', 1),
('HD07110871', 'SP025', 1, '5000', 1),
('HD07110871', 'SP026', 1, '900000', 1),
('HD07119870', 'SP022', 1, '20000', 1),
('HD07119870', 'SP025', 1, '5000', 1),
('HD07119870', 'SP026', 1, '900000', 1),
('HD07119870', 'SP021', 1, '15000', 1),
('HD07119870', 'SP020', 1, '12000', 1),
('HD07119870', 'SP01Bc', 1, '15000', 1),
('HD07119870', 'SP01B', 1, '15000', 1),
('HD07119870', 'SP02A', 1, '7000', 1),
('HD07119870', 'SP03Aiaavf', 1, '150000', 1),
('HD07119870', 'SP03Aiaav', 1, '60000', 1),
('HD07118135', 'SP03Aiaavf', 1, '150000', 1),
('HD07118135', 'SP014', 1, '5000', 1),
('HD07118135', 'SP03Aiaav', 1, '60000', 1),
('HD07118135', 'SP03Aiaa', 1, '15000', 1),
('HD07118135', 'SP03Ai', 1, '15000', 1),
('HD07114205', 'SP021', 1, '15000', 1),
('HD07114205', 'SP022', 1, '20000', 1),
('HD07114205', 'SP025', 1, '5000', 1),
('HD07110008', 'SP03Aiaav', 2, '60000', 1),
('HD07110008', 'SP03A', 3, '5000', 1),
('HD07110008', 'SP01Ac', 5, '10000', 1),
('HD07110039', 'SP03Aiaavf', 2, '150000', 1),
('HD07110039', 'SP02Av', 2, '7000', 1),
('HD07118234', 'SP03Aiaav', 5, '60000', 1),
('HD07118234', 'SP03A', 4, '5000', 1),
('HD07118234', 'SP02A', 4, '7000', 1),
('HD07110672', 'SP03A', 3, '5000', 1),
('HD07110672', 'SP03Aiaav', 3, '60000', 1),
('HD07110672', 'SP02A', 3, '7000', 1),
('HD07110672', 'SP01Ac', 3, '10000', 1),
('HD07110672', 'SP02Av', 5, '7000', 1),
('HD08117880', 'SP021', 1, '15000', 1),
('HD08119139', 'SP020', 1, '12000', 1),
('HD08119139', 'SP021', 2, '15000', 1),
('HD08119139', 'SP022', 2, '20000', 1),
('HD08119139', 'SP025', 1, '5000', 1),
('HD08115056', 'SP021', 2, '15000', 1),
('HD08115056', 'SP020', 1, '12000', 1),
('HD08115056', 'SP022', 4, '20000', 1),
('HD08115056', 'SP025', 3, '5000', 1),
('HD08115056', 'SP026', 1, '900000', 1),
('HD08115056', 'SP03A', 1, '5000', 1),
('HD08115056', 'SP03Ai', 1, '15000', 1),
('HD08115056', 'SP016', 1, '12000', 1),
('HD08115056', 'SP015', 1, '46000', 1),
('HD08115056', 'SP03Aiaavf', 1, '150000', 1),
('HD08115056', 'SP03Aiaav', 1, '60000', 1),
('HD08115056', 'SP014', 1, '5000', 1),
('HD08119666', 'SP020', 3, '12000', 1),
('HD08119666', 'SP021', 3, '15000', 1),
('HD08119666', 'SP022', 1, '20000', 1),
('HD08119666', 'SP025', 2, '5000', 1),
('HD08119666', 'SP026', 1, '900000', 1),
('HD08119666', 'SP016', 1, '12000', 1),
('HD08119666', 'SP015', 1, '46000', 1),
('HD08111191', 'SP021', 3, '15000', 1),
('HD08111191', 'SP020', 3, '12000', 1),
('HD08111191', 'SP025', 3, '5000', 1),
('HD08111191', 'SP022', 3, '20000', 1),
('HD08111191', 'SP026', 1, '900000', 1),
('HD08111191', 'SP03Aiaav', 1, '60000', 1),
('HD08111191', 'SP03Aiaa', 1, '15000', 1),
('HD08111191', 'SP03Aiaavf', 1, '150000', 1),
('HD08111118', 'SP021', 5, '12000', 1),
('HD08111118', 'SP022', 2, '16000', 1),
('HD08111118', 'SP025', 4, '4000', 1),
('HD08111118', 'SP026', 2, '800000', 1),
('HD08113950', 'SP021', 3, '15000', 1),
('HD08113950', 'SP022', 2, '20000', 1),
('HD08113950', 'SP025', 4, '5000', 1),
('HD08113950', 'SP020', 3, '12000', 1),
('HD08113950', 'SP026', 1, '900000', 1),
('HD08113950', 'SP03A', 2, '5000', 1),
('HD08113950', 'SP02Av', 1, '7000', 1),
('HD08113950', 'SP03Aiaavf', 1, '150000', 1),
('HD08113950', 'SP03Aiaav', 1, '60000', 1),
('HD08119445', 'SP020', 1, '12000', 1),
('HD08119445', 'SP021', 1, '15000', 1),
('HD08119445', 'SP022', 1, '20000', 1),
('HD08119445', 'SP01B', 1, '15000', 1),
('HD08119445', 'SP01Ac', 1, '10000', 1),
('HD08119649', 'SP020', 1, '12000', 1),
('HD08119649', 'SP021', 1, '15000', 1),
('HD08115984', 'SP022', 1, '20000', 1),
('HD08115984', 'SP025', 1, '5000', 1),
('HD08115984', 'SP026', 1, '900000', 1),
('HD08115984', 'SP021', 1, '15000', 1),
('HD08117011', 'SP021', 1, '15000', 1),
('HD08117011', 'SP022', 1, '20000', 1),
('HD08113238', 'SP021', 1, '15000', 1),
('HD08116358', 'SP021', 2, '15000', 1),
('HD08116358', 'SP022', 2, '20000', 1),
('HD08116358', 'SP025', 1, '5000', 1),
('HD08116358', 'SP026', 1, '900000', 1),
('HD08112224', 'SP020', 1, '12000', 1),
('HD08112224', 'SP021', 1, '15000', 1),
('HD08112224', 'SP022', 1, '20000', 1),
('HD08112224', 'SP025', 1, '5000', 1),
('HD08112224', 'SP024', 2, '10000', 1),
('HD08110160', 'SP026', 1, '900000', 1),
('HD08110160', 'SP022', 1, '20000', 1),
('HD08116918', 'SP022', 1, '20000', 1),
('HD08116918', 'SP025', 1, '5000', 1),
('HD08112456', 'SP021', 1, '15000', 1),
('HD08112456', 'SP020', 1, '12000', 1),
('HD08112456', 'SP022', 1, '20000', 1),
('HD08114566', 'SP021', 1, '15000', 1),
('HD08114566', 'SP022', 1, '20000', 1),
('HD08114566', 'SP025', 1, '5000', 1),
('HD08115028', 'SP021', 1, '15000', 1),
('HD08115028', 'SP022', 1, '20000', 1),
('HD08115028', 'SP025', 1, '5000', 1),
('HD08112787', 'SP021', 1, '15000', 1),
('HD08112787', 'SP020', 1, '12000', 1),
('HD08112787', 'SP025', 2, '5000', 1),
('HD08112787', 'SP026', 1, '900000', 1),
('HD08112787', 'SP022', 1, '20000', 1),
('HD08110923', 'SP022', 2, '20000', 1),
('HD08110923', 'SP025', 1, '5000', 1),
('HD08110923', 'SP026', 1, '900000', 1),
('HD08110923', 'SP01956', 1, '5000', 1),
('HD08110923', 'SP01Ac', 5, '10000', 1),
('HD08114426', 'SP022', 3, '20000', 1),
('HD08114426', 'SP021', 2, '15000', 1),
('HD08114426', 'SP025', 2, '5000', 1),
('HD08114426', 'SP026', 1, '900000', 1),
('HD08114532', 'SP026', 1, '900000', 1),
('HD08117352', 'SP021', 1, '15000', 1),
('HD08117352', 'SP022', 2, '20000', 1),
('HD08117352', 'SP025', 7, '5000', 1),
('HD08117352', 'SP026', 1, '900000', 1),
('HD08117352', 'SP024', 1, '10000', 1),
('HD08114081', 'SP020', 1, '12000', 1),
('HD08114081', 'SP021', 1, '15000', 1),
('HD08114081', 'SP022', 1, '20000', 1),
('HD08114081', 'SP025', 1, '5000', 1),
('HD08112669', 'SP026', 1, '900000', 1),
('HD08112669', 'SP022', 5, '20000', 1),
('HD09111778', 'SP020', 1, '12000', 1),
('HD09111778', 'SP021', 1, '15000', 1),
('HD09111778', 'SP022', 1, '20000', 1),
('HD09112461', 'SP020', 1, '12000', 1),
('HD09112461', 'SP021', 2, '15000', 1),
('HD09112461', 'SP022', 2, '20000', 1),
('HD09113679', 'SP020', 1, '12000', 1),
('HD09113679', 'SP021', 2, '15000', 1),
('HD09113679', 'SP022', 1, '20000', 1),
('HD09113679', 'SP025', 1, '5000', 1),
('HD09113248', 'SP021', 1, '15000', 1),
('HD09113248', 'SP022', 1, '20000', 1),
('HD09115498', 'SP022', 1, '20000', 1),
('HD09115498', 'SP020', 1, '12000', 1),
('HD09111160', 'SP025', 1, '5000', 1),
('HD09111160', 'SP022', 1, '20000', 1),
('HD09113144', 'SP025', 1, '5000', 1),
('HD09113144', 'SP026', 1, '900000', 1),
('HD09113144', 'SP01Ac', 1, '10000', 1),
('HD09111088', 'SP022', 1, '20000', 1),
('HD09111088', 'SP025', 1, '5000', 1),
('HD09111088', 'SP020', 1, '12000', 1),
('HD09116109', 'SP025', 2, '5000', 1),
('HD09116109', 'SP022', 1, '20000', 1),
('HD09116109', 'SP028', 1, '200000', 1),
('HD09114408', 'SP014', 1, '5000', 1),
('HD09114408', 'SP03Aiaavf', 1, '150000', 1),
('HD09114408', 'SP03Aiaav', 1, '60000', 1),
('HD09114408', 'SP03Aiaa', 2, '15000', 1),
('HD09117348', 'SP022', 1, '20000', 1),
('HD09117348', 'SP025', 1, '5000', 1),
('HD09119976', 'SP022', 1, '20000', 1),
('HD09119976', 'SP020', 1, '12000', 1),
('HD09119976', 'SP026', 1, '900000', 1),
('HD09114779', 'SP022', 1, '20000', 1),
('HD09114779', 'SP020', 1, '12000', 1),
('HD09114779', 'SP025', 1, '5000', 1),
('HD09119088', 'SP03Aiaav', 2, '60000', 1),
('HD09119088', 'SP03Aiaavf', 1, '150000', 1),
('HD09119088', 'SP014', 1, '5000', 1),
('HD09118296', 'SP025', 1, '5000', 1),
('HD09118296', 'SP022', 1, '20000', 1),
('HD09112196', 'SP03A', 3, '5000', 1),
('HD09112196', 'SP03Ai', 2, '15000', 1),
('HD09116782', 'SP022', 1, '20000', 1),
('HD09116782', 'SP020', 1, '12000', 1),
('HD09115900', 'SP02A', 2, '7000', 1),
('HD09115900', 'SP02Av', 2, '7000', 1),
('TK10112276', 'SP022', 2, '15000', 2),
('TK10112276', 'SP020', 1, '6000', 2),
('TK10112276', 'SP025', 2, '2000', 2),
('TK10112276', 'SP026', 1, '560000', 2),
('HD10115604', 'SP022', 1, '16000', 1),
('HD10115604', 'SP025', 1, '4000', 1),
('HD10110781', 'SP025', 1, '4000', 1),
('HD10110781', 'SP022', 1, '16000', 1),
('HD10110781', 'SP026', 1, '800000', 1),
('HD10110781', 'SP018', 1, '999999', 1),
('HD10110781', 'SP016', 1, '100000', 1),
('TK10110379', 'SP025', 1, '2000', 2),
('TK10110379', 'SP026', 1, '560000', 2),
('TK10110379', 'SP028', 1, '60000', 2),
('TK10118940', 'SP020', 1, '6000', 2),
('TK10118940', 'SP025', 1, '2000', 2),
('TK10118940', 'SP026', 1, '560000', 2),
('TK10118940', 'SP01B', 1, '12000', 2),
('TK10118796', 'SP022', 1, '15000', 2),
('TK10118796', 'SP025', 1, '2000', 2),
('TK10118796', 'SP026', 1, '560000', 2),
('TK10117493', 'SP020', 1, '6000', 2),
('TK10117493', 'SP022', 1, '15000', 2),
('TK10117493', 'SP025', 1, '2000', 2),
('TK10117493', 'SP026', 1, '560000', 2),
('TK10117493', 'SP028', 1, '60000', 2),
('TK10118578', 'SP020', 1, '6000', 2),
('TK10118578', 'SP022', 1, '15000', 2),
('TK10118578', 'SP025', 2, '2000', 2),
('TK10118578', 'SP026', 1, '560000', 2),
('TK10118578', 'SP028', 1, '60000', 2),
('TK10115761', 'SP014', 1, '3000', 2),
('TK10117002', 'SP014', 8, '3000', 2),
('TK10117002', 'SP03Ai', 1, '3000', 2),
('TK10114232', 'SP025', 1, '2000', 2),
('HD11110662', 'SP022', 1, '20000', 1),
('HD11110662', 'SP020', 1, '12000', 1),
('HD11116161', 'SP022', 1, '20000', 1),
('HD11116161', 'SP020', 1, '12000', 1),
('HD11116161', 'SP026', 1, '900000', 1),
('HD11112930', 'SP025', 1, '5000', 1),
('HD11112930', 'SP026', 1, '900000', 1),
('HD11112930', 'SP022', 1, '20000', 1),
('HD11112930', 'SP018', 1, '2222', 1),
('HD11111284', 'SP020', 2, '12000', 1),
('HD11111284', 'SP022', 2, '20000', 1),
('HD11111284', 'SP025', 2, '5000', 1),
('HD11113286', 'SP022', 2, '20000', 1),
('HD11113286', 'SP025', 2, '5000', 1),
('HD11113286', 'SP026', 1, '900000', 1),
('HD11117656', 'SP025', 2, '5000', 1),
('HD11117656', 'SP022', 1, '20000', 1),
('HD11117656', 'SP020', 1, '12000', 1),
('HD11117656', 'SP01Ac', 1, '10000', 1),
('HD11117656', 'SP01956', 1, '5000', 1),
('HD11117656', 'SP03Aiaavf', 2, '150000', 1),
('HD11117656', 'SP03Aiaav', 1, '60000', 1),
('HD11114592', 'SP022', 1, '20000', 1),
('HD11114592', 'SP025', 1, '5000', 1),
('HD11114592', 'SP01Ac', 1, '10000', 1),
('HD11114592', 'SP01956', 1, '5000', 1),
('HD11114592', 'SP01B', 1, '15000', 1),
('HD11111031', 'SP01B', 1, '15000', 1),
('HD11111031', 'SP01Bc', 2, '15000', 1),
('HD11111031', 'SP02A', 1, '7000', 1),
('HD11111031', 'SP03Aiaavf', 1, '150000', 1),
('HD11111031', 'SP03Aiaav', 2, '60000', 1),
('HD11111031', 'SP014', 1, '5000', 1),
('TH11116799', 'SP020', 2, '6000', 4),
('TH11116799', 'SP022', 2, '15000', 4),
('HD12116243', 'SP020', 1, '12000', 1),
('HD12116243', 'SP022', 1, '20000', 1),
('HD12116243', 'SP025', 1, '5000', 1),
('HD12114758', 'SP025', 1, '5000', 1),
('HD12114758', 'SP026', 1, '900000', 1),
('HD12114758', 'SP028', 1, '200000', 1),
('TH12112231', 'SP029', 3, '5000', 4),
('TH12112231', 'SP030', 3, '5000', 4),
('TH12110137', 'SP025', 3, '2000', 4),
('TH12110137', 'SP013', 3, '23000', 4),
('HD12114698', 'SP020', 1, '12000', 1),
('HD12114698', 'SP022', 1, '20000', 1),
('HD12114698', 'SP025', 1, '5000', 1),
('HD12114698', 'SP026', 1, '900000', 1),
('HD12114698', 'SP028', 1, '200000', 1),
('HD12114698', 'SP01956', 1, '5000', 1),
('HD12114698', 'SP01Ac', 2, '10000', 1),
('HD12114698', 'SP01B', 2, '15000', 1),
('HD12114698', 'SP03Aiaa', 1, '15000', 1),
('HD12114698', 'SP03Aiaav', 1, '60000', 1),
('HD12114698', 'SP03Aiaavf', 1, '150000', 1),
('TH12110283', 'SP025', 7, '2000', 4),
('TH12110283', 'SP013', 8, '23000', 4),
('TH12110283', 'SP03A', 6, '3000', 4),
('TH12110283', 'SP03Ai', 3, '3000', 4),
('TH12110620', 'SP020', 3, '6000', 4),
('TH12110620', 'SP022', 3, '15000', 4),
('TH12110620', 'SP028', 3, '60000', 4),
('TH12110620', 'SP023', 3, '8000', 4),
('HD12119252', 'SP025', 3, '5000', 1),
('HD12119252', 'SP022', 2, '20000', 1),
('HD12119252', 'SP020', 2, '12000', 1),
('HD12114122', 'SP022', 1, '20000', 1),
('HD12114122', 'SP020', 1, '12000', 1),
('HD12114122', 'SP026', 1, '900000', 1),
('HD12114122', 'SP025', 1, '5000', 1),
('HD12115049', 'SP025', 1, '5000', 1),
('HD12115049', 'SP026', 1, '900000', 1),
('HD12115049', 'SP019', 1, '5000', 1),
('HD12115049', 'SP018', 1, '2222', 1),
('HD12115049', 'SP016', 1, '12000', 1),
('HD12116441', 'SP020', 1, '12000', 1),
('HD12116441', 'SP022', 1, '20000', 1),
('HD12116441', 'SP023', 1, '12000', 1),
('HD12116441', 'SP030', 1, '1000', 1),
('HD12116441', 'SP024', 1, '10000', 1),
('HD12116441', 'SP019', 1, '5000', 1),
('HD12116441', 'SP016', 1, '12000', 1),
('HD08116573', 'SP022', 5, '20000', 1),
('HD08116573', 'SP026', 1, '900000', 1),
('HD12116462', 'SP020', 2, '12000', 1),
('HD12116462', 'SP022', 1, '20000', 1),
('HD12118840', 'SP01Ac', 5, '10000', 1),
('HD12116726', 'SP01Ac', 10, '10000', 1),
('HD12113826', 'SP01Ac', 10, '10000', 1),
('HD12116398', 'SP01Ac', 5, '10000', 1),
('HD12114171', 'SP01Ac', 6, '10000', 1),
('HD12114171', 'SP025', 2, '5000', 1),
('HD12114171', 'SP022', 2, '20000', 1),
('HD12114171', 'SP020', 1, '12000', 1),
('HD12114171', 'SP026', 1, '900000', 1),
('HD12116804', 'SP022', 3, '20000', 1),
('HD12116804', 'SP020', 1, '12000', 1),
('HD12116804', 'SP026', 1, '900000', 1),
('HD12116804', 'SP028', 1, '200000', 1),
('HD12110451', 'SP02Av', 2, '7000', 1),
('HD12110451', 'SP02A', 2, '7000', 1),
('HD12110451', 'SP03A', 1, '5000', 1),
('HD12110451', 'SP026', 1, '900000', 1),
('HD12110451', 'SP028', 1, '200000', 1),
('HD12112974', 'SP020', 1, '12000', 1),
('HD12112974', 'SP022', 3, '20000', 1),
('HD12112974', 'SP026', 2, '900000', 1),
('HD12112974', 'SP028', 1, '200000', 1),
('HD12110517', 'SP03Aiaav', 1, '60000', 1),
('HD12119339', 'SP020', 1, '12000', 1),
('HD12119339', 'SP022', 1, '20000', 1),
('HD12119339', 'SP026', 1, '900000', 1),
('HD12113229', 'SP022', 3, '20000', 1),
('HD12113229', 'SP026', 2, '900000', 1),
('HD12113229', 'SP020', 1, '12000', 1),
('HD12113229', 'SP028', 1, '200000', 1),
('TH12115699', 'SP020', 1, '6000', 4),
('TH12115699', 'SP022', 1, '15000', 4),
('TH12115699', 'SP028', 1, '60000', 4),
('TK12119935', 'SP020', 1, '6000', 2),
('TK12119935', 'SP022', 1, '15000', 2),
('TK12119935', 'SP026', 1, '560000', 2),
('HD12117729', 'SP020', 3, '12000', 1),
('HD12117729', 'SP022', 2, '20000', 1),
('HD12117729', 'SP026', 4, '900000', 1),
('HD12117729', 'SP028', 2, '200000', 1),
('HD13119039', 'SP020', 2, '12000', 1),
('HD13119039', 'SP022', 4, '20000', 1),
('HD13119039', 'SP026', 6, '900000', 1),
('HD13119039', 'SP028', 1, '200000', 1),
('HD13114930', 'SP020', 2, '12000', 1),
('HD13114930', 'SP022', 2, '20000', 1),
('HD13114930', 'SP026', 1, '900000', 1),
('TH12114893', 'SP013', 4, '23000', 4),
('TH12114893', 'SP03A', 3, '3000', 4),
('TH12114893', 'SP03Ai', 5, '3000', 4),
('TH12114893', 'SP03Aiaa', 3, '3000', 4),
('NH13112374', 'SP013', 5, '23000', 3),
('NH13112374', 'SP03A', 11, '3000', 3),
('NH13112374', 'SP03Ai', 9, '3000', 3),
('NH13112374', 'SP03Aiaa', 2, '3000', 3),
('NH13118848', 'SP028', 2, '60000', 3),
('NH13118848', 'SP023', 2, '8000', 3),
('NH13118848', 'SP024', 1, '8000', 3),
('NH13118848', 'SP012', 1, '50000', 3),
('NH13114751', 'SP029', 500, '5000', 3),
('HD13116826', 'SP022', 2, '20000', 1),
('HD13116826', 'SP028', 4, '200000', 1),
('HD13116826', 'SP029', 1, '100000', 1),
('HD13118671', 'SP01Ac', 11, '10000', 1),
('HD13116322', 'SP01Ac', 5, '10000', 1),
('HD13111420', 'SP01Ac', 10, '10000', 1),
('HD13114117', 'SP01Ac', 5, '10000', 1),
('HD13117698', 'SP01Ac', 4, '10000', 1),
('HD13113155', 'SP01Ac', 5, '10000', 1),
('HD13110506', 'SP01Ac', 5, '10000', 1),
('HD13116575', 'SP01Ac', 4, '10000', 1),
('HD13112387', 'SP02A', 5, '7000', 1),
('HD13112387', 'SP03Aiaavf', 4, '150000', 1),
('HD13112387', 'SP03A', 5, '5000', 1),
('HD13110606', 'SP02A', 5, '7000', 1),
('HD13110606', 'SP03Aiaav', 5, '60000', 1),
('HD13110606', 'SP03A', 5, '5000', 1),
('HD13118287', 'SP01Ac', 10, '10000', 1),
('HD13116654', 'SP01Ac', 9, '10000', 1),
('HD13110348', 'SP028', 1, '200000', 1),
('HD13110348', 'SP026', 1, '900000', 1),
('HD13116370', 'SP01Ac', 10, '10000', 1),
('HD13113529', 'SP026', 4, '900000', 1),
('HD13113529', 'SP022', 3, '20000', 1),
('HD13113529', 'SP028', 2, '200000', 1),
('HD13113529', 'SP029', 1, '100000', 1),
('HD13110522', 'SP022', 1, '20000', 1),
('HD13110522', 'SP026', 1, '900000', 1),
('HD13110522', 'SP028', 1, '200000', 1),
('HD13110522', 'SP029', 1, '100000', 1),
('HD13110522', 'SP030', 1, '1000', 1),
('HD14118707', 'SP01B', 1, '15000', 1),
('HD14118707', 'SP01Bc', 1, '15000', 1),
('HD14118707', 'SP01Ac', 1, '10000', 1),
('HD14112454', 'SP026', 1, '900000', 1),
('HD14112454', 'SP028', 1, '200000', 1),
('HD14112454', 'SP029', 1, '100000', 1),
('HD14112454', 'SP012', 1, '90000', 1),
('HD14112454', 'SP027', 1, '10000', 1),
('HD14114642', 'SP022', 1, '20000', 1),
('HD14114642', 'SP026', 2, '900000', 1),
('HD14114642', 'SP029', 2, '100000', 1),
('HD14114642', 'SP028', 1, '200000', 1),
('HD14114642', 'SP030', 1, '1000', 1),
('HD14113631', 'SP03A', 3, '5000', 1),
('HD14113631', 'SP03Ai', 3, '15000', 1),
('HD14114143', 'SP026', 1, '900000', 1),
('HD14114143', 'SP028', 1, '200000', 1),
('HD14114143', 'SP029', 1, '100000', 1),
('HD14114143', 'SP01956', 1, '5000', 1),
('HD14114143', 'SP019', 1, '5000', 1),
('HD14111053', 'SP022', 1, '20000', 1),
('HD14111053', 'SP026', 1, '900000', 1),
('HD14111053', 'SP028', 1, '200000', 1),
('HD14111053', 'SP030', 1, '1000', 1),
('HD14112905', 'SP012', 1, '90000', 1),
('HD14112905', 'SP027', 1, '10000', 1),
('HD14112905', 'SP024', 1, '10000', 1),
('NH14119779', 'SP022', 1, '15000', 3),
('NH14119779', 'SP028', 1, '60000', 3),
('NH14119779', 'SP023', 1, '8000', 3),
('NH14119779', 'SP024', 2, '8000', 3),
('HD14118510', 'SP022', 1, '20000', 1),
('HD14118510', 'SP026', 1, '900000', 1),
('HD14118510', 'SP028', 1, '200000', 1),
('HD14118510', 'SP029', 1, '100000', 1),
('HD13118104', 'SP01Ac', 5, '10000', 1),
('HD13118104', 'SP022', 1, '20000', 1),
('HD13118104', 'SP026', 1, '900000', 1),
('HD13118104', 'SP028', 1, '200000', 1),
('HD13118104', 'SP01956', 2, '5000', 1),
('HD13118104', 'SP019', 2, '5000', 1),
('HD14117205', 'SP026', 9, '900000', 1),
('HD14117205', 'SP019', 1, '5000', 1),
('HD14117205', 'SP01956', 3, '5000', 1),
('HD14117205', 'SP03Aiaa', 1, '15000', 1),
('HD14116227', 'SP031', 2, '10000', 1),
('HD14116227', 'SP01Ac', 2, '10000', 1),
('HD14119154', 'SP01Ac', 5, '10000', 1),
('HD14119640', 'SP01Ac', 5, '10000', 1),
('NH14119267', 'SP024', 10, '8000', 3),
('TH14113011', 'SP024', 5, '8000', 4),
('TK14111613', 'SP01B', 2, '12000', 2),
('NH14113213', 'SP022', 5, '15000', 3),
('HD14118490', 'SP022', 1, '20000', 1),
('HD14118490', 'SP028', 3, '200000', 1),
('HD14118490', 'SP029', 3, '100000', 1),
('HD14118490', 'SP030', 1, '1000', 1),
('HD14118490', 'SP031', 1, '10000', 1),
('HD14119509', 'SP022', 2, '20000', 1),
('HD14119509', 'SP028', 3, '200000', 1),
('HD14119509', 'SP029', 2, '100000', 1),
('HD14119396', 'SP029', 1, '5000', 1),
('HD14119396', 'SP01Ac', 19, '999999', 1),
('HD14119396', 'SP01Bc', 2, '999999', 1),
('HD14119396', 'SP02A', 2, '999999', 1),
('HD14119396', 'SP02Av', 1, '999999', 1),
('HD14119396', 'SP03Aiaav', 2, '999999', 1),
('HD14119396', 'SP03Aiaavf', 1, '999999', 1),
('NH15115459', 'SP03A', 2, '3000', 3),
('NH15115459', 'SP013', 1, '23000', 3),
('HD16113826', 'SP037', 1, '10000', 1),
('HD16113826', 'SP028', 1, '200000', 1),
('HD16113826', 'SP022', 1, '20000', 1);

-- --------------------------------------------------------

--
-- Cấu trúc bảng cho bảng `donvitinh`
--

CREATE TABLE `donvitinh` (
  `ID` varchar(10) NOT NULL,
  `Name` varchar(30) DEFAULT NULL,
  `GhiChu` varchar(250) DEFAULT NULL,
  `TrangThai` smallint(1) DEFAULT 1
) ENGINE=InnoDB DEFAULT CHARSET=utf8;

--
-- Đang đổ dữ liệu cho bảng `donvitinh`
--

INSERT INTO `donvitinh` (`ID`, `Name`, `GhiChu`, `TrangThai`) VALUES
('DVT03', 'bịch', 'bịch', 1),
('DVT04', 'cái', 'cái', 1),
('DVT05', 'Chai', 'chai', 1),
('DVT06', 'đơn vị tính', '', 0),
('MN01', 'lon', '', 0),
('MN02', 'gói', 'gói', 0);

-- --------------------------------------------------------

--
-- Cấu trúc bảng cho bảng `hoadon`
--

CREATE TABLE `hoadon` (
  `ID` varchar(10) NOT NULL,
  `IDnhanvien` varchar(10) DEFAULT NULL,
  `IDkhachHang` varchar(10) DEFAULT NULL,
  `ThoiGian` datetime DEFAULT NULL,
  `HinhThucThanhToan` int(1) DEFAULT 1,
  `GiamGia` decimal(10,0) DEFAULT NULL,
  `TongTienThanhToan` decimal(10,0) DEFAULT NULL,
  `soTienNhanDuoc` decimal(10,0) NOT NULL,
  `loaiGia` smallint(1) DEFAULT 0,
  `GhiChu` varchar(250) DEFAULT NULL,
  `trangThai` smallint(1) DEFAULT 1
) ENGINE=InnoDB DEFAULT CHARSET=utf8;

--
-- Đang đổ dữ liệu cho bảng `hoadon`
--

INSERT INTO `hoadon` (`ID`, `IDnhanvien`, `IDkhachHang`, `ThoiGian`, `HinhThucThanhToan`, `GiamGia`, `TongTienThanhToan`, `soTienNhanDuoc`, `loaiGia`, `GhiChu`, `trangThai`) VALUES
('HD02114127', 'admin', 'KH01', '2022-11-02 09:46:26', 1, '0', '263000', '263000', 0, '', 1),
('HD02115461', 'admin', 'KH01', '2022-11-02 09:46:03', 1, '0', '40000', '40000', 0, '', 1),
('HD02116520', 'admin', 'KH01', '2022-11-02 09:46:09', 1, '0', '267000', '267000', 0, '', 1),
('HD02117406', 'admin', 'KH01', '2022-11-02 10:24:49', 1, '0', '137000', '137000', 0, '', 1),
('HD02118317', 'admin', 'KH01', '2022-11-02 09:44:53', 1, '0', '52000', '52000', 0, '', 1),
('HD02118327', 'admin', 'KH01', '2022-11-02 09:46:16', 1, '0', '91000', '91000', 0, '', 1),
('HD04110065', 'admin', 'KH01', '2022-11-04 23:48:12', 1, '0', '29000', '29000', 0, '', 1),
('HD04110353', 'admin', 'KH01', '2022-11-04 23:45:31', 1, '0', '10000', '10000', 0, '', 1),
('HD04111276', 'admin', 'KH01', '2022-11-04 09:24:31', 1, '0', '40000', '40000', 0, '', 1),
('HD04111308', 'admin', 'KH01', '2022-11-04 23:10:31', 1, '0', '40000', '40000', 0, '', 1),
('HD04112525', 'admin', 'KH05', '2022-11-04 09:20:43', 1, '0', '35000', '35000', 0, '', 1),
('HD04113873', 'admin', 'KH01', '2022-11-04 23:45:18', 1, '0', '925000', '925000', 0, '', 1),
('HD04113938', 'admin', 'KH01', '2022-11-04 23:01:42', 1, '0', '27000', '27000', 0, '', 1),
('HD04114121', 'admin', 'KH01', '2022-11-04 09:24:13', 1, '0', '27000', '27000', 0, '', 1),
('HD04116006', 'admin', 'KH01', '2022-11-04 23:10:57', 1, '0', '1034000', '1034000', 0, '', 1),
('HD04117167', 'admin', 'KH01', '2022-11-04 09:21:18', 1, '0', '52000', '52000', 0, '', 1),
('HD04117489', 'admin', 'KH01', '2022-11-04 09:24:22', 1, '0', '62000', '62000', 0, '', 1),
('HD04117789', 'admin', 'KH01', '2022-11-04 09:20:20', 1, '0', '47000', '47000', 0, '', 1),
('HD04118126', 'admin', 'KH01', '2022-11-04 23:48:06', 1, '0', '64000', '64000', 0, '', 1),
('HD04119011', 'admin', 'KH03', '2022-11-04 09:20:36', 1, '0', '47000', '47000', 0, '', 1),
('HD04119215', 'admin', 'KH01', '2022-11-04 23:01:57', 1, '0', '917000', '917000', 0, '', 1),
('HD04119279', 'admin', 'KH01', '2022-11-04 23:45:24', 1, '0', '52000', '52000', 0, '', 1),
('HD04119600', 'admin', 'KH01', '2022-11-04 23:01:51', 1, '0', '37000', '37000', 0, '', 1),
('HD04119719', 'admin', 'KH01', '2022-11-04 23:45:13', 1, '0', '35000', '35000', 0, '', 1),
('HD05112073', 'admin', 'KH01', '2022-11-05 23:23:14', 1, '0', '52000', '52000', 0, '', 1),
('HD05113899', 'admin', 'KH01', '2022-11-05 23:37:29', 1, '0', '40000', '40000', 0, '', 1),
('HD05114750', 'admin', 'KH01', '2022-11-05 12:09:39', 1, '0', '27000', '27000', 0, '', 1),
('HD05114844', 'admin', 'KH01', '2022-11-05 23:06:35', 1, '0', '1424000', '1424000', 0, '', 1),
('HD05115625', 'admin', 'KH01', '2022-11-05 10:21:43', 1, '0', '27000', '27000', 0, '', 1),
('HD05115725', 'admin', 'KH01', '2022-11-05 23:46:14', 1, '0', '35000', '35000', 0, '', 1),
('HD05116301', 'admin', 'KH01', '2022-11-05 23:08:37', 1, '0', '1626222', '1626222', 0, '', 1),
('HD05117155', 'admin', 'KH01', '2022-11-05 23:15:35', 1, '0', '40000', '40000', 0, '', 1),
('HD05117586', 'admin', 'KH01', '2022-11-05 23:06:00', 1, '0', '47000', '47000', 0, '', 1),
('HD06110214', 'admin', 'KH01', '2022-11-06 01:02:52', 1, '0', '174000', '174000', 0, '', 1),
('HD06110227', 'admin', 'KH01', '2022-11-06 01:04:41', 1, '0', '20000', '20000', 0, '', 1),
('HD06110456', 'admin', 'KH01', '2022-11-06 01:25:13', 1, '0', '1479222', '1479222', 0, '', 1),
('HD06110516', 'admin', 'KH01', '2022-11-06 00:15:54', 1, '0', '20000', '20000', 0, '', 1),
('HD06111074', 'admin', 'KH01', '2022-11-06 01:06:58', 1, '0', '90000', '90000', 0, '', 1),
('HD06111557', 'admin', 'KH01', '2022-11-06 00:32:50', 1, '0', '14000', '14000', 0, '', 1),
('HD06112066', 'admin', 'KH01', '2022-11-06 01:42:54', 1, '0', '1410222', '1410222', 0, '', 1),
('HD06112126', 'admin', 'KH01', '2022-11-06 00:14:04', 1, '0', '40000', '40000', 0, '', 1),
('HD06112165', 'admin', 'KH01', '2022-11-06 01:24:13', 1, '0', '184000', '184000', 0, '', 1),
('HD06114759', 'admin', 'KH01', '2022-11-06 00:24:57', 1, '0', '362000', '362000', 0, '', 1),
('HD06115375', 'admin', 'KH01', '2022-11-06 01:01:49', 1, '0', '905000', '905000', 0, '', 1),
('HD06115483', 'admin', 'KH01', '2022-11-06 00:48:52', 1, '0', '25000', '25000', 0, '', 1),
('HD06115753', 'admin', 'KH01', '2022-11-06 00:43:51', 1, '0', '35000', '35000', 0, '', 1),
('HD06115773', 'admin', 'KH01', '2022-11-06 00:57:43', 1, '0', '29000', '29000', 0, '', 1),
('HD06116318', 'admin', 'KH01', '2022-11-06 00:14:37', 1, '0', '90000', '90000', 0, '', 1),
('HD06116674', 'admin', 'KH01', '2022-11-06 00:25:46', 1, '0', '900000', '900000', 0, '', 1),
('HD06116803', 'admin', 'KH01', '2022-11-06 00:45:40', 1, '0', '905000', '905000', 0, '', 1),
('HD06117542', 'admin', 'KH01', '2022-11-06 01:07:10', 1, '0', '225000', '225000', 0, '', 1),
('HD06117689', 'admin', 'KH01', '2022-11-06 00:51:28', 1, '0', '25000', '25000', 0, '', 1),
('HD06117739', 'admin', 'KH01', '2022-11-06 00:26:32', 1, '0', '900000', '900000', 0, '', 1),
('HD06118082', 'admin', 'KH01', '2022-11-06 00:29:38', 1, '0', '170000', '170000', 0, '', 1),
('HD06118440', 'admin', 'KH01', '2022-11-06 01:34:11', 1, '0', '1895000', '1895000', 0, '', 1),
('HD06119231', 'admin', 'KH01', '2022-11-06 00:20:26', 1, '0', '90000', '90000', 0, '', 1),
('HD06119555', 'admin', 'KH01', '2022-11-06 00:57:50', 1, '0', '925000', '925000', 0, '', 1),
('HD06119899', 'admin', 'KH01', '2022-11-06 00:22:37', 1, '0', '905000', '905000', 0, '', 1),
('HD06119902', 'admin', 'KH01', '2022-11-06 01:07:30', 1, '0', '40000', '40000', 0, '', 1),
('HD07110008', 'admin', 'KH01', '2022-11-07 22:10:10', 1, '0', '185000', '185000', 0, '', 1),
('HD07110039', 'admin', 'KH01', '2022-11-07 22:11:19', 1, '0', '314000', '314000', 0, '', 1),
('HD07110672', 'admin', 'KH01', '2022-11-07 22:11:59', 1, '0', '281000', '281000', 0, '', 1),
('HD07110871', 'admin', 'KH01', '2022-11-07 21:51:19', 1, '0', '952000', '952000', 0, '', 1),
('HD07112098', 'admin', 'KH01', '2022-11-07 00:16:12', 1, '0', '40000', '40000', 0, '', 1),
('HD07113684', 'admin', 'KH01', '2022-11-07 00:16:45', 1, '0', '42000', '42000', 0, '', 1),
('HD07113962', 'admin', 'KH01', '2022-11-07 00:18:48', 1, '0', '40000', '40000', 0, '', 1),
('HD07114205', 'admin', 'KH01', '2022-11-07 21:58:14', 1, '0', '40000', '40000', 0, '', 1),
('HD07117541', 'admin', 'KH01', '2022-11-07 00:15:44', 1, '0', '1362000', '1362000', 0, '', 1),
('HD07118135', 'admin', 'KH01', '2022-11-07 21:56:21', 1, '0', '245000', '245000', 0, '', 1),
('HD07118234', 'admin', 'KH01', '2022-11-07 22:11:28', 1, '0', '348000', '348000', 0, '', 1),
('HD07118448', 'admin', 'KH01', '2022-11-07 00:16:01', 1, '0', '940000', '940000', 0, '', 1),
('HD07119870', 'admin', 'KH01', '2022-11-07 21:56:07', 1, '0', '1199000', '1199000', 0, '', 1),
('HD08110160', 'admin', 'KH01', '2022-11-08 16:54:30', 3, '0', '920000', '0', 0, '', 1),
('HD08110923', 'admin', 'KH05', '2022-11-08 21:56:27', 3, '0', '1000000', '600000', 0, '', 1),
('HD08111118', 'admin', 'KH01', '2022-11-08 15:02:57', 1, '0', '1708000', '1708000', 1, '', 1),
('HD08111191', 'admin', 'KH01', '2022-11-08 16:04:38', 1, '30000', '1251000', '1251000', 0, '', 1),
('HD08112224', 'admin', 'KH01', '2022-11-08 18:29:48', 3, '0', '72000', '0', 0, '', 1),
('HD08112456', 'admin', 'KH05', '2022-11-08 18:49:55', 3, '0', '47000', '0', 0, '', 1),
('HD08112669', 'admin', 'KH03', '2022-11-08 22:08:17', 3, '0', '1000000', '500000', 0, '', 1),
('HD08112787', 'admin', 'KH05', '2022-11-08 21:45:54', 3, '0', '957000', '500000', 0, '', 1),
('HD08113238', 'admin', 'KH01', '2022-11-08 16:53:45', 1, '0', '15000', '15000', 0, '', 1),
('HD08113950', 'admin', 'KH01', '2022-11-08 14:15:24', 3, '0', '1268000', '0', 0, '', 1),
('HD08114081', 'admin', 'KH05', '2022-11-08 18:54:05', 3, '0', '52000', '20000', 0, '', 1),
('HD08114426', 'admin', 'KH04', '2022-11-08 22:01:11', 3, '0', '1000000', '400000', 0, '', 1),
('HD08114532', 'admin', 'KH04', '2022-11-08 22:03:03', 3, '0', '900000', '300000', 0, '', 1),
('HD08114566', 'admin', 'KH05', '2022-11-08 20:02:29', 3, '0', '40000', '0', 0, '', 1),
('HD08115028', 'admin', 'KH01', '2022-11-08 21:39:29', 1, '0', '40000', '40000', 0, '', 1),
('HD08115056', 'admin', 'KH01', '2022-11-08 16:06:35', 1, '0', '1330000', '1330000', 0, '', 1),
('HD08115984', 'admin', 'KH01', '2022-11-08 16:45:39', 1, '0', '940000', '940000', 0, '', 1),
('HD08116358', 'admin', 'KH01', '2022-11-08 16:44:02', 1, '0', '975000', '975000', 0, '', 1),
('HD08116573', 'admin', 'KH03', '2022-11-08 22:13:03', 3, '0', '1000000', '600000', 0, '', 1),
('HD08116918', 'admin', 'KH01', '2022-11-08 16:48:04', 3, '0', '25000', '0', 0, '', 1),
('HD08117011', 'admin', 'KH01', '2022-11-08 16:49:11', 1, '0', '35000', '35000', 0, '', 1),
('HD08117352', 'admin', 'KH04', '2022-11-08 22:04:48', 3, '0', '1000000', '600000', 0, '', 1),
('HD08117880', 'admin', NULL, '2022-11-08 14:29:03', 1, '0', '15000', '15000', 0, '', 1),
('HD08119139', 'admin', NULL, '2022-11-08 15:00:41', 1, '0', '87000', '87000', 0, '', 1),
('HD08119445', 'admin', 'KH05', '2022-11-08 16:35:06', 1, '0', '72000', '72000', 0, '', 1),
('HD08119649', 'admin', 'KH01', '2022-11-08 16:35:56', 1, '0', '27000', '27000', 0, '', 1),
('HD08119666', 'admin', 'KH01', '2022-11-08 13:51:31', 1, '0', '1069000', '1069000', 0, '', 1),
('HD09100037', 'admin', 'KH01', '2022-10-09 16:04:36', 1, '0', '125000', '125000', 0, '', 1),
('HD09102306', 'admin', 'KH01', '2022-10-09 14:52:11', 1, '0', '20000', '20000', 0, '', 1),
('HD09103947', 'admin', 'KH01', '2022-10-09 14:51:33', 1, '0', '27000', '27000', 0, '', 1),
('HD09106893', 'admin', 'KH01', '2022-10-09 14:51:24', 1, '0', '210000', '210000', 0, '', 1),
('HD09107470', 'admin', 'KH01', '2022-10-09 14:51:47', 1, '0', '5000', '5000', 0, '', 1),
('HD09107504', 'admin', 'KH01', '2022-10-09 14:54:50', 1, '0', '345000', '345000', 0, '', 1),
('HD09111088', 'admin', 'KH012', '2022-11-09 14:12:09', 1, '0', '37000', '0', 0, '', 1),
('HD09111160', 'admin', 'KH013', '2022-11-09 14:09:31', 1, '0', '25000', '25000', 0, '', 1),
('HD09111778', 'admin', 'KH01', '2022-11-09 13:41:57', 1, '0', '47000', '47000', 0, '', 1),
('HD09112196', 'admin', 'KH01', '2022-11-09 22:59:15', 1, '0', '45000', '45000', 0, '', 1),
('HD09112461', 'admin', 'KH01', '2022-11-09 13:42:33', 1, '0', '82000', '82000', 0, '', 1),
('HD09113144', 'admin', 'KH09', '2022-11-09 14:09:42', 1, '0', '915000', '0', 0, '', 1),
('HD09113248', 'admin', 'KH01', '2022-11-09 13:50:10', 1, '0', '35000', '35000', 0, '', 1),
('HD09113679', 'admin', 'KH01', '2022-11-09 13:46:55', 1, '0', '67000', '67000', 0, '', 1),
('HD09114408', 'admin', 'KH01', '2022-11-09 22:15:55', 1, '0', '245000', '245000', 0, '', 1),
('HD09114779', 'admin', 'KH01', '2022-11-09 22:54:45', 1, '0', '37000', '37000', 0, '', 1),
('HD09115498', 'admin', 'KH01', '2022-11-09 14:07:25', 1, '0', '32000', '32000', 0, '', 1),
('HD09115900', 'admin', 'KH01', '2022-11-09 23:02:21', 1, '0', '28000', '28000', 0, '', 1),
('HD09116109', 'admin', 'KH01', '2022-11-09 22:15:39', 1, '0', '230000', '230000', 0, '', 1),
('HD09116782', 'admin', 'KH01', '2022-11-09 23:02:10', 1, '0', '32000', '32000', 0, '', 1),
('HD09117348', 'admin', 'KH01', '2022-11-09 22:51:01', 1, '0', '25000', '25000', 0, '', 1),
('HD09118296', 'admin', 'KH01', '2022-11-09 22:59:05', 1, '0', '25000', '25000', 0, '', 1),
('HD09119088', 'admin', 'KH01', '2022-11-09 22:54:59', 1, '0', '275000', '275000', 0, '', 1),
('HD09119976', 'admin', 'KH01', '2022-11-09 22:54:22', 1, '0', '932000', '932000', 0, '', 1),
('HD10109039', 'admin', 'KH01', '2022-10-10 21:45:46', 1, '0', '47000', '47000', 0, '', 1),
('HD10110781', 'admin', 'KH01', '2022-11-10 00:50:00', 1, '0', '1919999', '1919999', 1, '', 1),
('HD10115604', 'admin', 'KH01', '2022-11-10 00:49:42', 1, '0', '20000', '20000', 1, '', 1),
('HD11110662', 'admin', 'KH01', '2022-11-11 10:53:09', 1, '0', '32000', '32000', 0, '', 1),
('HD11111031', 'admin', 'KH01', '2022-11-11 16:08:48', 1, '0', '327000', '327000', 0, '', 1),
('HD11111284', 'admin', 'KH01', '2022-11-11 15:55:52', 1, '0', '74000', '74000', 0, '', 1),
('HD11112930', 'admin', 'KH01', '2022-11-11 14:13:16', 1, '0', '927222', '927222', 0, '', 1),
('HD11113286', 'admin', 'KH01', '2022-11-11 16:00:53', 1, '0', '950000', '950000', 0, '', 1),
('HD11114592', 'admin', 'KH01', '2022-11-11 16:05:21', 1, '0', '55000', '55000', 0, '', 1),
('HD11116161', 'admin', 'KH01', '2022-11-11 14:13:01', 1, '0', '932000', '932000', 0, '', 1),
('HD11117656', 'admin', 'KH01', '2022-11-11 16:02:30', 1, '0', '417000', '417000', 0, '', 1),
('HD12110451', 'NV06', 'KH01', '2022-11-12 21:20:18', 1, '0', '1133000', '1133000', 0, '', 1),
('HD12110517', 'NV06', 'KH01', '2022-11-12 21:22:57', 1, '0', '60000', '60000', 0, '', 1),
('HD12112974', 'NV06', 'KH01', '2022-11-12 21:20:30', 1, '0', '2072000', '2072000', 0, '', 1),
('HD12113229', 'NV06', 'KH01', '2022-11-12 21:38:13', 1, '0', '2072000', '2072000', 0, '', 1),
('HD12113826', 'admin', 'KH01', '2022-11-12 20:38:09', 1, '0', '100000', '100000', 0, '', 1),
('HD12114122', 'admin', 'KH01', '2022-11-12 20:06:52', 1, '0', '937000', '937000', 0, '', 1),
('HD12114171', 'admin', 'KH01', '2022-11-12 20:42:06', 1, '0', '1022000', '0', 0, '', 1),
('HD12114698', 'admin', 'KH01', '2022-11-12 01:47:32', 1, '0', '1417000', '0', 0, '', 1),
('HD12114758', 'admin', 'KH01', '2022-11-12 00:18:11', 1, '0', '1105000', '1105000', 0, '', 1),
('HD12115049', 'admin', 'KH01', '2022-11-12 20:07:00', 1, '0', '924222', '924222', 0, '', 1),
('HD12116243', 'admin', 'KH01', '2022-11-12 00:18:04', 1, '0', '37000', '37000', 0, '', 1),
('HD12116398', 'admin', 'KH01', '2022-11-12 20:38:24', 1, '0', '50000', '50000', 0, '', 1),
('HD12116441', 'admin', 'KH01', '2022-11-12 20:08:57', 1, '0', '72000', '72000', 0, '', 1),
('HD12116462', 'admin', 'KH01', '2022-11-12 20:35:56', 1, '0', '44000', '44000', 0, '', 1),
('HD12116726', 'admin', 'KH01', '2022-11-12 20:37:30', 1, '0', '100000', '100000', 0, '', 1),
('HD12116804', 'NV06', 'KH01', '2022-11-12 21:20:07', 1, '0', '1172000', '1172000', 0, '', 1),
('HD12117729', 'NV06', 'KH01', '2022-11-12 21:21:16', 1, '0', '4076000', '0', 0, '', 1),
('HD12118840', 'admin', 'KH01', '2022-11-12 20:37:18', 1, '0', '50000', '50000', 0, '', 1),
('HD12119252', 'admin', 'KH01', '2022-11-12 20:06:07', 1, '0', '79000', '79000', 0, '', 1),
('HD12119339', 'NV06', 'KH01', '2022-11-12 21:37:52', 1, '0', '932000', '932000', 0, '', 1),
('HD13100789', 'admin', 'KH01', '2022-10-13 21:25:51', 1, '0', '157000', '157000', 0, '', 1),
('HD13101230', 'admin', 'KH01', '2022-10-13 21:24:05', 1, '0', '27000', '27000', 0, '', 1),
('HD13102514', 'admin', 'KH01', '2022-10-13 08:42:04', 1, '0', '35000', '35000', 0, '', 1),
('HD13104128', 'admin', 'KH01', '2022-10-13 08:19:44', 1, '0', '125000', '125000', 0, '', 1),
('HD13105822', 'admin', 'KH01', '2022-10-13 21:25:40', 1, '0', '47000', '47000', 0, '', 1),
('HD13107562', 'admin', 'KH01', '2022-10-13 08:46:04', 1, '0', '27000', '27000', 0, '', 1),
('HD13108021', 'admin', 'KH01', '2022-10-13 08:46:38', 1, '0', '47000', '47000', 0, '', 1),
('HD13110348', 'admin', 'KH01', '2022-11-13 20:06:30', 1, '0', '1100000', '0', 0, '', 1),
('HD13110506', 'admin', 'KH01', '2022-11-13 19:09:17', 1, '0', '50000', '50000', 0, '', 1),
('HD13110522', 'admin', 'KH01', '2022-11-13 23:00:58', 1, '0', '1221000', '1221000', 0, '', 1),
('HD13110606', 'admin', 'KH01', '2022-11-13 19:10:39', 1, '0', '360000', '360000', 0, '', 1),
('HD13111420', 'admin', 'KH01', '2022-11-13 19:07:59', 1, '0', '100000', '100000', 0, '', 1),
('HD13112387', 'admin', 'KH01', '2022-11-13 19:10:24', 1, '0', '660000', '660000', 0, '', 1),
('HD13113155', 'admin', 'KH01', '2022-11-13 19:09:07', 1, '0', '50000', '50000', 0, '', 1),
('HD13113529', 'admin', 'KH01', '2022-11-13 20:45:34', 1, '0', '4160000', '4160000', 0, '', 1),
('HD13114117', 'admin', 'KH01', '2022-11-13 19:08:53', 1, '0', '50000', '50000', 0, '', 1),
('HD13114930', 'admin', 'KH01', '2022-11-13 11:58:12', 1, '0', '964000', '964000', 0, '', 1),
('HD13116322', 'admin', 'KH01', '2022-11-13 19:07:50', 1, '0', '50000', '50000', 0, '', 1),
('HD13116370', 'admin', 'KH01', '2022-11-13 20:08:11', 1, '0', '100000', '100000', 0, '', 1),
('HD13116575', 'admin', 'KH01', '2022-11-13 19:09:27', 1, '0', '40000', '40000', 0, '', 1),
('HD13116654', 'admin', 'KH01', '2022-11-13 20:04:41', 1, '0', '90000', '90000', 0, '', 1),
('HD13116826', 'admin', 'KH01', '2022-11-13 12:09:54', 1, '0', '940000', '0', 0, '', 1),
('HD13117698', 'admin', 'KH01', '2022-11-13 19:08:58', 1, '0', '40000', '40000', 0, '', 1),
('HD13118104', 'admin', 'KH01', '2022-11-13 19:10:03', 1, '0', '1190000', '0', 0, '', 1),
('HD13118287', 'admin', 'KH01', '2022-11-13 20:02:08', 1, '0', '100000', '0', 0, '', 1),
('HD13118671', 'admin', 'KH01', '2022-11-13 19:07:43', 1, '0', '110000', '110000', 0, '', 1),
('HD13119039', 'NV06', 'KH01', '2022-11-13 00:17:49', 1, '0', '5704000', '0', 0, '', 1),
('HD14100374', 'admin', 'KH01', '2022-10-14 00:48:50', 1, '0', '47000', '47000', 0, '', 1),
('HD14100591', 'admin', 'KH01', '2022-10-14 00:48:45', 1, '0', '74000', '74000', 0, '', 1),
('HD14107048', 'admin', 'KH01', '2022-10-14 00:40:05', 1, '0', '47000', '47000', 0, '', 1),
('HD14107989', 'admin', 'KH01', '2022-10-14 00:33:19', 1, '0', '27000', '27000', 0, '', 1),
('HD14111053', 'admin', 'KH01', '2022-11-14 14:18:21', 1, '0', '1121000', '1121000', 0, '', 1),
('HD14112454', 'admin', 'KH01', '2022-11-14 14:10:13', 1, '0', '1300000', '1300000', 0, '', 1),
('HD14112905', 'admin', 'KH01', '2022-11-14 14:21:18', 1, '0', '110000', '110000', 0, '', 1),
('HD14113631', 'admin', 'KH01', '2022-11-14 14:12:40', 1, '0', '60000', '60000', 0, '', 1),
('HD14114143', 'admin', 'KH01', '2022-11-14 14:14:59', 1, '0', '1210000', '1210000', 0, '', 1),
('HD14114642', 'admin', 'KH01', '2022-11-14 14:12:31', 1, '0', '2221000', '2221000', 0, '', 1),
('HD14116227', 'admin', 'KH01', '2022-11-14 15:48:05', 1, '10000', '30000', '0', 0, '', 1),
('HD14117205', 'admin', 'KH01', '2022-11-14 15:44:04', 1, '0', '8135000', '8135000', 0, '', 1),
('HD14118490', 'admin', 'KH01', '2022-11-14 22:27:38', 1, '0', '931000', '931000', 0, '', 1),
('HD14118510', 'admin', 'KH01', '2022-11-14 15:10:28', 1, '0', '1220000', '1220000', 0, '', 1),
('HD14118707', 'admin', 'KH01', '2022-11-14 14:03:40', 1, '0', '40000', '40000', 0, '', 1),
('HD14119154', 'admin', 'KH01', '2022-11-14 15:50:47', 1, '0', '50000', '50000', 0, '', 1),
('HD14119396', 'admin', 'KH05', '2022-11-14 15:45:17', 3, '0', '27004973', '0', 1, '', 1),
('HD14119509', 'admin', 'KH01', '2022-11-14 23:17:52', 1, '0', '840000', '840000', 0, '', 1),
('HD14119640', 'admin', 'KH01', '2022-11-14 15:51:03', 1, '0', '50000', '50000', 0, '', 1),
('HD16105595', 'admin', 'KH01', '2022-10-16 21:40:47', 1, '0', '110000', '110000', 0, '', 1),
('HD16106685', 'admin', 'KH01', '2022-10-16 21:34:00', 1, '0', '160000', '160000', 0, '', 1),
('HD16113826', 'admin', 'KH01', '2022-11-16 16:33:29', 1, '0', '230000', '230000', 0, '', 1),
('HD17100934', 'admin', 'KH01', '2022-10-17 00:04:43', 1, '0', '35000', '35000', 0, '', 1),
('HD17101995', 'admin', 'KH01', '2022-10-17 19:00:57', 1, '0', '29000', '29000', 0, '', 1),
('HD17105017', 'admin', 'KH01', '2022-10-17 19:22:27', 1, '0', '327000', '327000', 0, '', 1),
('HD17105658', 'admin', 'KH01', '2022-10-17 20:17:48', 1, '0', '487000', '487000', 0, '', 1),
('HD17107314', 'admin', 'KH01', '2022-10-17 19:18:05', 1, '0', '47000', '47000', 0, '', 1),
('HD17107361', 'admin', 'KH05', '2022-10-17 20:18:39', 1, '0', '110000', '110000', 0, '', 1),
('HD17108614', 'admin', 'KH01', '2022-10-17 20:11:37', 1, '0', '47000', '47000', 0, '', 1),
('HD17109248', 'admin', 'KH01', '2022-10-17 19:00:51', 1, '0', '157000', '157000', 0, '', 1),
('HD18100800', 'admin', 'KH01', '2022-10-18 00:20:07', 1, '0', '346000', '346000', 0, '', 1),
('HD18101563', 'admin', 'KH01', '2022-10-18 07:41:03', 1, '0', '52000', '52000', 0, '', 1),
('HD18101975', 'admin', 'KH01', '2022-10-18 00:19:58', 1, '0', '160000', '160000', 0, '', 1),
('HD18102500', 'admin', 'KH02', '2022-10-18 08:12:41', 3, '0', '50000', '0', 0, '', 1),
('HD18103868', 'admin', 'KH01', '2022-10-18 00:18:03', 1, '0', '125000', '125000', 0, '', 1),
('HD18105211', 'admin', 'KH01', '2022-10-18 08:12:25', 1, '0', '47000', '47000', 0, '', 1),
('HD18105311', 'NV06', 'KH01', '2022-10-18 09:01:42', 1, '0', '35000', '35000', 0, '', 1),
('HD18105425', 'admin', 'KH01', '2022-10-18 00:19:09', 1, '0', '160000', '160000', 0, '', 1),
('HD18106878', 'NV06', 'KH02', '2022-10-18 09:07:49', 3, '0', '110000', '0', 0, '', 1),
('HD18108017', 'admin', 'KH01', '2022-10-18 00:40:27', 1, '0', '125000', '125000', 0, '', 1),
('HD18108442', 'NV06', 'KH01', '2022-10-18 09:01:20', 1, '0', '1200000', '1200000', 0, '', 1),
('HD18108611', 'admin', 'KH01', '2022-10-18 00:20:03', 1, '0', '140000', '140000', 0, '', 1),
('HD18109074', 'NV06', 'KH01', '2022-10-18 09:02:16', 1, '0', '1230000', '1230000', 0, '', 1),
('HD22101372', 'admin', 'KH01', '2022-10-22 09:16:45', 1, '0', '50000', '50000', 0, '', 1),
('HD22108028', 'admin', 'KH01', '2022-10-22 08:45:05', 1, '0', '900000', '900000', 0, '', 1),
('HD22109532', 'admin', 'KH01', '2022-10-22 09:18:22', 1, '0', '9280000', '9280000', 0, '', 1),
('HD26100892', 'admin', 'KH01', '2022-10-26 16:25:11', 1, '0', '925000', '925000', 0, '', 1),
('HD26106704', 'admin', 'KH01', '2022-10-26 16:24:24', 1, '0', '67000', '67000', 0, '', 1),
('HD26109523', 'admin', 'KH01', '2022-10-26 16:25:17', 1, '0', '952000', '952000', 0, '', 1);

-- --------------------------------------------------------

--
-- Cấu trúc bảng cho bảng `khachhang`
--

CREATE TABLE `khachhang` (
  `ID` varchar(10) NOT NULL,
  `Name` varchar(50) DEFAULT NULL,
  `SoDienThoai` varchar(10) DEFAULT NULL,
  `DiaChi` varchar(250) DEFAULT NULL,
  `GhiChu` varchar(250) DEFAULT NULL,
  `congno` decimal(10,0) DEFAULT 0,
  `TrangThai` smallint(1) DEFAULT 1,
  `ThoiGian` datetime DEFAULT NULL
) ENGINE=InnoDB DEFAULT CHARSET=utf8;

--
-- Đang đổ dữ liệu cho bảng `khachhang`
--

INSERT INTO `khachhang` (`ID`, `Name`, `SoDienThoai`, `DiaChi`, `GhiChu`, `congno`, `TrangThai`, `ThoiGian`) VALUES
('KH01', 'KHÁCH MỚI', '0987656780', 'BMT,DAKLAK', 'KO', '0', 1, '2022-09-25 13:36:58'),
('KH010', 'hello mft', '123123123', '123 bmt', '', '0', 1, '2022-11-09 13:26:30'),
('KH011', 'hello 123123', '123123123', '123123', '', '0', 1, '2022-11-09 13:27:16'),
('KH012', 'heloollool', '123123123', 'hello', '', '0', 1, '2022-11-09 13:29:16'),
('KH013', 'chauvan hieu', '123123123', '123123 bmt', '', '0', 1, '2022-11-09 13:29:43'),
('KH014', 'chau van hieu zzz', '123123123', '123123 bmt', '', '0', 1, '2022-11-09 13:31:02'),
('KH015', 'chau van dung', '0909123123', 'bmt 123', '', '0', 1, '2022-11-09 13:32:53'),
('KH016', 'chau van trương', '0999123123', 'bmt 123', '', '0', 1, '2022-11-09 13:36:53'),
('KH017', 'chau van a', '0999123123', '123 bmt', '', '0', 1, '2022-11-09 13:37:39'),
('KH018', 'chau van b', '0909123123', '123 bmt', '', '0', 1, '2022-11-09 13:39:33'),
('KH019', 'chau van c', '0909123123', '123 bmt', '', '0', 1, '2022-11-09 13:41:32'),
('KH02', 'LỘC', '098989898', 'BMT,DAKLAK', 'KO', '0', 1, '2022-09-25 13:36:58'),
('KH020', 'chau van vvv', '0909123123', '123 bmt', '', '0', 1, '2022-11-09 13:42:23'),
('KH021', 'hhh', '1230909123', 'qưe', '', '0', 1, '2022-11-09 13:45:57'),
('KH022', 'chau van zzzqwe', '0909123123', '123', '', '0', 1, '2022-11-09 13:46:27'),
('KH023', 'hello', '123123', '123123', '', '0', 1, '2022-11-09 13:49:40'),
('KH024', 'Chau van mmm', '0909123123', '123 bmt', '', '0', 1, '2022-11-09 13:50:01'),
('KH025', 'mnb mnas', '0909123123', '123 bmt', '', '0', 1, '2022-11-09 14:01:29'),
('KH026', 'pham thi canh', '0909909090', '123 bmt', '', '0', 1, '2022-11-09 14:07:16'),
('KH027', 'khách hàng mới', '0126456789', '0126456789', '0126456789', '0', 0, '2022-11-16 16:40:42'),
('KH028', 'khách hàng mới', '0456456456', '0456456456', '0456456456', '0', 1, '2022-11-16 16:57:44'),
('KH03', 'HOÀNH', '0935818820', 'BMT,DAKLAK', 'KO', '100000', 1, '2022-09-25 13:36:58'),
('KH04', 'LAM', '0123818820', 'BMT,DAKLAK', 'KO', '0', 1, '2022-09-25 13:36:58'),
('KH05', 'KHUÊ 1', '0935818123', '0935818123', '0935818123', '20004973', 1, '2022-09-25 13:36:58'),
('KH06', 'Hà Thế Chi', '0999999999', '0999999999', '0999999999', '900000', 1, '2022-11-09 13:04:04'),
('KH07', 'Trần Đại Nghĩa', '0921321123', '0921321123', '0921321123', '9000000', 1, '2022-11-09 13:06:10'),
('KH08', 'Lê Quốc Anhzzz', '0909123123', '0909123123', '0909123123', '100000', 0, '2022-11-09 13:07:47'),
('KH09', 'hello tui nè', '123123123', '123 bmt', '', '0', 1, '2022-11-09 13:21:18');

-- --------------------------------------------------------

--
-- Cấu trúc bảng cho bảng `loaisanpham`
--

CREATE TABLE `loaisanpham` (
  `ID` varchar(10) NOT NULL,
  `Name` varchar(30) DEFAULT NULL,
  `GhiChu` varchar(250) DEFAULT NULL,
  `TrangThai` smallint(1) DEFAULT 1
) ENGINE=InnoDB DEFAULT CHARSET=utf8;

--
-- Đang đổ dữ liệu cho bảng `loaisanpham`
--

INSERT INTO `loaisanpham` (`ID`, `Name`, `GhiChu`, `TrangThai`) VALUES
('LSP01', 'Đồ Uống', 'KO', 1),
('LSP02', 'Đồ Ăn ', 'ko', 1),
('LSP03', 'Đồ Ăn Nhanh', 'KO', 1),
('LSP04', 'Đồ Gia Dụng', 'KO', 1),
('LSP05', 'bim sữa', '', 0),
('LSP06', 'Đồ ăn vặt', '', 1),
('LSP07', 'dụng cụ', 'hello', 0),
('LSP08', 'abc', '', 1);

-- --------------------------------------------------------

--
-- Cấu trúc bảng cho bảng `nhacungcap`
--

CREATE TABLE `nhacungcap` (
  `ID` varchar(10) NOT NULL,
  `Name` varchar(50) DEFAULT NULL,
  `SoDienThoai` varchar(10) DEFAULT NULL,
  `DiaChi` varchar(150) DEFAULT NULL,
  `GhiChu` varchar(150) DEFAULT NULL,
  `congno` decimal(10,0) DEFAULT 0,
  `TrangThai` smallint(1) DEFAULT 1,
  `ThoiGian` datetime DEFAULT NULL
) ENGINE=InnoDB DEFAULT CHARSET=utf8;

--
-- Đang đổ dữ liệu cho bảng `nhacungcap`
--

INSERT INTO `nhacungcap` (`ID`, `Name`, `SoDienThoai`, `DiaChi`, `GhiChu`, `congno`, `TrangThai`, `ThoiGian`) VALUES
('NCC01', 'Nước Ngọt Sông Lam', '0909090909', 'Sông Lam , Nghệ An', 'ko', '0', 1, '2022-09-25 13:36:58'),
('NCC02', 'COCACOLA 1123', '0808080808', 'Q9,HCM', 'KO', '134000', 1, '2022-09-25 13:36:58'),
('NCC03', 'Đồ ăn vặt bé Bự', '0707070707', 'BMT,DAK LAK', 'KO', '29000', 1, '2022-09-25 13:36:58'),
('NCC04', 'Nội Thất Đồ Gia Dụng Hưng Quang', '0606060606', 'CUMGAR ,DAKLAK', 'KO', '0', 1, '2022-09-25 13:36:58'),
('NCC05', 'BỈM SỮA BABY BU', '0505050505', 'BMT,DAK LAK', 'KO', '0', 1, '2022-09-25 13:36:58'),
('NCC06', 'TRÁI CAY NGON BMT', '0972909000', 'BMT,DAKLAK', 'KO', '0', 1, '2022-09-25 13:36:58'),
('NCC08', 'PEPSI', '090912313', '123 BMT', 'PEPSI', '0', 1, '2022-11-12 18:27:10'),
('NCC09', 'CTY Thực Phẩm LACUSINA', '0909999999', '120 Khu công nghiệp Bình Dương Tỉnh Bình Dương', NULL, '3000000', 1, '2022-09-25 13:36:58');

-- --------------------------------------------------------

--
-- Cấu trúc bảng cho bảng `nhanvien`
--

CREATE TABLE `nhanvien` (
  `id` varchar(10) NOT NULL,
  `Name` varchar(30) DEFAULT NULL,
  `SoDienThoai` varchar(10) DEFAULT NULL,
  `DiaChi` varchar(150) DEFAULT NULL,
  `NgaySinh` datetime DEFAULT NULL,
  `Luong` decimal(10,0) DEFAULT NULL,
  `GioiTinh` smallint(1) DEFAULT 1,
  `NgayVaoLam` datetime DEFAULT NULL,
  `GhiChu` varchar(150) DEFAULT NULL,
  `TrangThai` smallint(1) DEFAULT 1
) ENGINE=InnoDB DEFAULT CHARSET=utf8;

--
-- Đang đổ dữ liệu cho bảng `nhanvien`
--

INSERT INTO `nhanvien` (`id`, `Name`, `SoDienThoai`, `DiaChi`, `NgaySinh`, `Luong`, `GioiTinh`, `NgayVaoLam`, `GhiChu`, `TrangThai`) VALUES
('admin', 'admin', '0935818820', 'BMT,DAK LAK', '2001-12-30 00:00:00', '100000000', 1, '2001-12-30 00:00:00', 'KO', 1),
('NV010', 'nhân viên mới 1', '0789789789', 'ádsad2123', '2000-11-15 00:00:00', '3000000', 1, '2000-11-15 00:00:00', '', 0),
('NV06', 'Châu Văn Hiệu', '0352461759', '209/12 Nguyễn Văn Cừ', '2000-12-31 00:00:00', '7500000', 1, '2021-12-26 00:00:00', 'hiệu', 0),
('NV07', 'chau van hieuiz', '56456465', 'ưqeqwe', '2022-09-15 00:00:00', '7000000', 1, '2022-09-15 00:00:00', '', 1),
('NV08', 'cvh', '123456789', '213 aSDAS D', '2001-03-19 00:00:00', '10000000', 1, '2001-03-19 00:00:00', '', 1),
('NV09', 'lê hoàng khải', '123456789', '123asdasd', '2022-09-15 00:00:00', '5000000', 1, '2022-09-15 00:00:00', '', 1),
('NV1', 'Nguyễn Văn A', '0987654321', 'BMT ,DAK LAK', '2003-09-02 13:50:31', '5000000', 1, '2022-09-02 13:50:31', 'KO', 1),
('NV2', 'Nguyễn Thị Thanh Dung', '098765431', 'CUMGAR,DAK LAK', '2002-09-11 00:00:00', '5000000', 0, '2002-09-11 00:00:00', 'KO', 1),
('NV3', 'Nguyễn Văn Thế Bảo', '0912345678', 'KRONG NO ,DAK NONG', '2002-09-01 00:00:00', '5000000', 1, '2002-09-01 00:00:00', 'KO', 1),
('NV4', 'Hoàng Văn Lộc', '097999898', 'buôn Trấp,DAKLAK', '2004-09-04 00:00:00', '5000000', 1, '2004-09-04 00:00:00', 'ko', 1);

-- --------------------------------------------------------

--
-- Cấu trúc bảng cho bảng `nhatkynhaphang`
--

CREATE TABLE `nhatkynhaphang` (
  `ID` varchar(10) NOT NULL,
  `ThoiGian` datetime DEFAULT NULL,
  `IDnhanvien` varchar(10) DEFAULT NULL,
  `IDNhaCungCap` varchar(10) DEFAULT NULL,
  `TongTien` decimal(10,0) DEFAULT NULL,
  `ThanhToan` decimal(10,0) DEFAULT NULL,
  `GhiChu` varchar(150) DEFAULT NULL,
  `TrangThai` smallint(1) DEFAULT 1
) ENGINE=InnoDB DEFAULT CHARSET=utf8;

--
-- Đang đổ dữ liệu cho bảng `nhatkynhaphang`
--

INSERT INTO `nhatkynhaphang` (`ID`, `ThoiGian`, `IDnhanvien`, `IDNhaCungCap`, `TongTien`, `ThanhToan`, `GhiChu`, `TrangThai`) VALUES
('NH13112374', '2022-11-13 17:27:34', 'admin', 'NCC03', '181000', '0', '', 1),
('NH13114751', '2022-11-13 17:44:00', 'admin', 'NCC01', '2500000', '0', '', 1),
('NH13118848', '2022-11-13 17:28:16', 'admin', 'NCC02', '194000', '0', '', 1),
('NH14113213', '2022-11-14 20:41:18', 'admin', 'NCC02', '75000', '0', '', 1),
('NH14119267', '2022-11-14 15:54:42', 'admin', 'NCC02', '80000', '0', '', 1),
('NH14119779', '2022-11-14 14:43:12', 'admin', 'NCC02', '99000', '0', '', 1),
('NH15115459', '2022-11-15 00:34:10', 'admin', 'NCC03', '29000', '0', '', 1);

-- --------------------------------------------------------

--
-- Cấu trúc bảng cho bảng `nhatkytrahangncc`
--

CREATE TABLE `nhatkytrahangncc` (
  `ID` varchar(10) NOT NULL,
  `ThoiGian` datetime DEFAULT NULL,
  `IDnhanvien` varchar(10) DEFAULT NULL,
  `IDncc` varchar(10) DEFAULT NULL,
  `TongTien` decimal(10,0) DEFAULT NULL,
  `hinhthuc` smallint(1) NOT NULL,
  `GhiChu` varchar(150) DEFAULT NULL,
  `TrangThai` smallint(1) DEFAULT 1
) ENGINE=InnoDB DEFAULT CHARSET=utf8;

--
-- Đang đổ dữ liệu cho bảng `nhatkytrahangncc`
--

INSERT INTO `nhatkytrahangncc` (`ID`, `ThoiGian`, `IDnhanvien`, `IDncc`, `TongTien`, `hinhthuc`, `GhiChu`, `TrangThai`) VALUES
('TH12110283', '2022-11-12 19:47:16', 'admin', 'NCC03', '225000', 0, '', 1),
('TH12110620', '2022-11-12 19:47:06', 'admin', 'NCC02', '267000', 0, '', 1),
('TH12114893', '2022-11-12 22:21:25', 'NV06', 'NCC03', '125000', 0, '', 1),
('TH12115699', '2022-11-12 22:21:20', 'NV06', 'NCC02', '81000', 0, '', 1),
('TH14113011', '2022-11-14 15:57:36', 'admin', 'NCC02', '40000', 1, 'hàng bị hết hạn', 1);

-- --------------------------------------------------------

--
-- Cấu trúc bảng cho bảng `phieuchi`
--

CREATE TABLE `phieuchi` (
  `ID` int(10) NOT NULL,
  `ThoiGian` datetime DEFAULT NULL,
  `IDnhanvien` varchar(10) DEFAULT NULL,
  `TienChi` decimal(10,0) DEFAULT NULL,
  `GhiChu` varchar(150) DEFAULT NULL
) ENGINE=InnoDB DEFAULT CHARSET=utf8;

--
-- Đang đổ dữ liệu cho bảng `phieuchi`
--

INSERT INTO `phieuchi` (`ID`, `ThoiGian`, `IDnhanvien`, `TienChi`, `GhiChu`) VALUES
(1, '2022-09-04 20:00:39', 'NV1', '886000', 'KO'),
(2, '2022-11-02 09:50:06', 'admin', '1000000', 'aaaa'),
(3, '2022-11-02 10:41:33', 'admin', '100000000', 'HIỆU LẤY TIỀN ĂN CHƠI		'),
(4, '2022-11-14 03:53:06', 'admin', '500000', 'Đổ xăng');

-- --------------------------------------------------------

--
-- Cấu trúc bảng cho bảng `phieutranoncc`
--

CREATE TABLE `phieutranoncc` (
  `ID` int(11) NOT NULL,
  `IDNcc` varchar(10) DEFAULT NULL,
  `IDNhanVien` varchar(10) DEFAULT NULL,
  `SoTienTra` decimal(10,0) DEFAULT NULL,
  `ThoiGian` datetime DEFAULT NULL,
  `GhiChu` varchar(150) DEFAULT NULL,
  `TrangThai` smallint(1) DEFAULT 1
) ENGINE=InnoDB DEFAULT CHARSET=utf8;

--
-- Đang đổ dữ liệu cho bảng `phieutranoncc`
--

INSERT INTO `phieutranoncc` (`ID`, `IDNcc`, `IDNhanVien`, `SoTienTra`, `ThoiGian`, `GhiChu`, `TrangThai`) VALUES
(1, 'NCC09', 'NV09', NULL, '2022-09-20 11:07:19', 'Khải 20-09-2022', 1),
(2, 'NCC09', 'NV09', NULL, '2022-09-20 11:09:40', '20-09-2022', 1),
(3, 'NCC09', 'NV09', '2000000', '2022-09-20 11:13:00', 'lần 2', 1),
(4, 'NCC09', 'NV09', '1000000', '2022-09-20 11:40:19', 'test laanf 4', 1),
(5, 'NCC09', 'admin', '8000000', '2022-09-20 11:47:44', 'hịu', 1),
(6, 'NCC09', 'admin', '5000000', '2022-09-20 11:49:53', '', 1),
(7, 'NCC09', 'NV06', '3000000', '2022-10-18 09:04:38', '', 1),
(8, 'NCC02', 'admin', '255000', '2022-11-13 12:27:59', '', 1),
(9, 'NCC01', 'admin', '6000', '2022-11-13 01:04:50', '', 1),
(10, 'NCC06', 'admin', '100000', '2022-11-13 01:05:35', 'hieu', 1),
(11, 'NCC01', 'admin', '2500000', '2022-11-14 02:33:17', '', 1);

-- --------------------------------------------------------

--
-- Cấu trúc bảng cho bảng `sanpham`
--

CREATE TABLE `sanpham` (
  `ID` varchar(10) NOT NULL,
  `Name` varchar(50) NOT NULL,
  `Barcode` varchar(30) DEFAULT NULL,
  `hinhAnh` varchar(225) NOT NULL,
  `GiaNhap` decimal(10,0) DEFAULT 0,
  `GiaBan` decimal(10,0) DEFAULT 0,
  `giaSi` decimal(10,0) NOT NULL DEFAULT 999999,
  `SoLuong` int(11) DEFAULT 0,
  `SoLuongToiThieu` int(11) DEFAULT 0,
  `IDNhaCungCap` varchar(10) NOT NULL,
  `IDDonViTinh` varchar(10) NOT NULL,
  `idLoaiSanPham` varchar(10) NOT NULL,
  `GhiChu` varchar(150) DEFAULT NULL,
  `TrangThai` smallint(1) NOT NULL DEFAULT 1,
  `ThoiGian` datetime DEFAULT NULL
) ENGINE=InnoDB DEFAULT CHARSET=utf8;

--
-- Đang đổ dữ liệu cho bảng `sanpham`
--

INSERT INTO `sanpham` (`ID`, `Name`, `Barcode`, `hinhAnh`, `GiaNhap`, `GiaBan`, `giaSi`, `SoLuong`, `SoLuongToiThieu`, `IDNhaCungCap`, `IDDonViTinh`, `idLoaiSanPham`, `GhiChu`, `TrangThai`, `ThoiGian`) VALUES
('SP012', 'Nước giặt Ariel 1.6 lít', '4902430650212', 'D:/gocHocTap/app/DU_AN_1/build/classes/IMAGE/empty.png', '50000', '90000', '999999', 39, 20, 'NCC02', 'MN01', 'LSP04', '', 1, '2022-09-25 13:36:58'),
('SP013', 'Bánh Oreo 68.5g', '6901668053121', 'D:/gocHocTap/app/DU_AN_1/build/classes/IMAGE/empty.png', '23000', '50000', '999999', 83, 50, 'NCC03', 'MN01', 'LSP02', 'đồ ăn vặt', 1, '2022-09-25 13:36:58'),
('SP014', 'Lưỡi lam Platinum', '8888826024583', 'D:/gocHocTap/app/DU_AN_1/build/classes/IMAGE/empty.png', '3000', '5000', '999999', 67, 20, 'NCC02', 'MN02', 'LSP02', '', 1, '2022-09-25 13:36:58'),
('SP015', 'Bột canh 180G', '8934561281696', 'D:/gocHocTap/app/DU_AN_1/build/classes/IMAGE/empty.png', '32000', '46000', '999999', 82, 10, 'NCC02', 'MN01', 'LSP02', '', 1, '2022-09-25 13:36:58'),
('SP016', 'STTT vinamilk 110ml dâu', '8934673574327', 'D:/gocHocTap/app/DU_AN_1/build/classes/IMAGE/empty.png', '8000', '12000', '100000', 95, 100, 'NCC02', 'MN01', 'LSP05', '', 1, '2022-09-25 13:36:58'),
('SP018', 'ád', 'ád', 'D:/gocHocTap/app/DU_AN_1/build/classes/IMAGE/empty.png', '222', '2222', '999999', 93, 20, 'NCC02', 'MN01', 'LSP02', '', 1, '2022-09-25 13:36:58'),
('SP019', 'Đường ăn', '', 'D:/gocHocTap/app/DU_AN_1/build/classes/IMAGE/empty.png', '2000', '5000', '4000', 66, 10, 'NCC02', 'MN01', 'LSP01', '', 1, '2022-09-25 13:36:58'),
('SP01956', 'Đường ăn65456', '', 'D:/gocHocTap/app/DU_AN_1/build/classes/IMAGE/empty.png', '2000', '5000', '4000', 46, 10, 'NCC02', 'MN01', 'LSP01', '', 1, '2022-09-25 13:36:58'),
('SP01A', 'COCACOLA', '8934588012228', 'D:/gocHocTap/app/DU_AN_1/build/classes/IMAGE/empty.png', '8000', '10000', '999999', 0, 20, 'NCC02', 'MN01', 'LSP01', 'KO', 1, '2022-09-25 13:36:58'),
('SP01Ac', 'Revice chanh muối', '8934588183133', 'D:/gocHocTap/app/DU_AN_1/build/classes/IMAGE/empty.png', '8000', '10000', '999999', 1858, 120, 'NCC02', 'MN01', 'LSP01', 'KO', 1, '2022-09-25 13:36:58'),
('SP01B', 'HENIKEN', '8934822201333', 'D:/gocHocTap/app/DU_AN_1/build/classes/IMAGE/empty.png', '12000', '15000', '999999', 191, 120, 'NCC02', 'MN01', 'LSP01', 'KO', 1, '2022-09-25 13:36:58'),
('SP01Bc', 'Trà ô lông', '8934588873058', 'D:/gocHocTap/app/DU_AN_1/build/classes/IMAGE/empty.png', '12000', '15000', '999999', 89, 120, 'NCC02', 'MN01', 'LSP01', 'KO', 1, '2022-09-25 13:36:58'),
('SP020', 'test item', '71289571289478', 'D:/gocHocTap/app/DU_AN_1/build/classes/IMAGE/empty.png', '6000', '12000', '9000', 0, 20, 'NCC02', 'DVT04', 'LSP02', 'test item', 1, '2022-09-25 13:36:58'),
('SP021', 'helloworldv hello', '12412312312', 'D:/gocHocTap/app/DU_AN_1/build/classes/IMAGE/empty.png', '10000', '15000', '12000', 0, 20, 'NCC01', 'DVT04', 'LSP02', 'hello', 1, '2022-10-04 11:02:17'),
('SP022', 'téassttt', '12', 'D:/gocHocTap/app/DU_AN_1/build/classes/IMAGE/empty.png', '15000', '20000', '16000', 294, 20, 'NCC02', 'DVT04', 'LSP02', '213', 1, '2022-10-04 11:10:49'),
('SP023', 'Nutri Boost', '8935049510895', 'D:/gocHocTap/app/DU_AN_1/build/classes/IMAGE/empty.png', '8000', '12000', '10000', 100, 20, 'NCC02', 'DVT05', 'LSP01', '', 1, '2022-10-18 07:38:47'),
('SP024', 'Mirinda chai', '8934588883132', 'D:/gocHocTap/app/DU_AN_1/build/classes/IMAGE/empty.png', '8000', '10000', '9000', 89, 20, 'NCC02', 'DVT05', 'LSP01', '', 1, '2022-10-18 07:40:34'),
('SP025', 'Bu´t bi', '8935001800347', 'D:/gocHocTap/app/DU_AN_1/build/classes/IMAGE/empty.png', '2000', '5000', '4000', -1, 10, 'NCC03', 'DVT04', 'LSP04', '', 1, '2022-10-18 09:00:02'),
('SP026', 'SSD 120GB test', 'S/N:FET19V10WOD16762', 'D:/gocHocTap/app/DU_AN_1/build/classes/IMAGE/empty.png', '560000', '900000', '800000', 0, 10, 'NCC09', 'DVT04', 'LSP07', '', 1, '2022-10-22 08:44:25'),
('SP027', 'Kirin Ice hương vị trái cây', '8935001282327', 'D:/gocHocTap/app/DU_AN_1/build/classes/IMAGE/empty.png', '8000', '10000', '9000', 81, 10, 'NCC02', 'DVT05', 'LSP01', '', 1, '2022-10-22 08:47:25'),
('SP028', 'chuoojt', '', 'D:/gocHocTap/app/DU_AN_1/build/classes/IMAGE/empty.png', '60000', '200000', '100000', 73, 20, 'NCC02', 'DVT04', 'LSP03', '', 1, '2022-11-06 16:12:32'),
('SP029', 'cà phê', '123123123', 'D:/gocHocTap/app/DU_AN_1/build/classes/IMAGE/empty.png', '5000', '100000', '5000', 1486, 10, 'NCC01', 'DVT04', 'LSP01', '', 1, '2022-11-09 14:21:22'),
('SP02A', 'String', '8934588232220', 'D:/gocHocTap/app/DU_AN_1/build/classes/IMAGE/empty.png', '4000', '7000', '999999', 86, 70, 'NCC06', 'MN01', 'LSP02', 'KO', 1, '2022-09-25 13:36:58'),
('SP02Av', 'Nước lọc aquafina', '8934588063053', 'D:/gocHocTap/app/DU_AN_1/build/classes/IMAGE/empty.png', '4000', '7000', '999999', 76, 70, 'NCC06', 'MN01', 'LSP02', 'KO', 1, '2022-09-25 13:36:58'),
('SP030', 'dây', '123', 'D:/gocHocTap/app/DU_AN_1/build/classes/IMAGE/empty.png', '5000', '1000', '5000', 5, 10, 'NCC01', 'DVT04', 'LSP01', '', 1, '2022-11-09 14:23:03'),
('SP031', 'sản phẩm mới', '', 'D:/gocHocTap/app/DU_AN_1/build/classes/IMAGE/empty.png', '5000', '10000', '5000', 7, 10, 'NCC01', 'DVT04', 'LSP01', '', 1, '2022-11-14 15:46:36'),
('SP032', 'hello', 'test ', 'D:/gocHocTap/app/DU_AN_1/build/classes/IMAGE/empty.png', '1000', '10000', '5000', 100, 10, 'NCC06', 'DVT05', 'LSP02', '', 1, '2022-11-15 01:37:44'),
('SP033', 'he', 'heeee', 'D:/gocHocTap/app/DU_AN_1/build/classes/IMAGE/empty.png', '1000', '10000', '5000', 100, 10, 'NCC02', 'DVT05', 'LSP03', '', 1, '2022-11-15 01:43:29'),
('SP034', 'hehehe', 'hehehehehe', 'D:/gocHocTap/app/DU_AN_1/build/classes/IMAGE/empty.png', '5000', '10000', '6000', 100, 10, 'NCC02', 'DVT04', 'LSP03', '', 1, '2022-11-15 01:50:47'),
('SP035', 'Promax New', '12312312', 'D:/gocHocTap/app/DU_AN_1/build/classes/IMAGE/empty.png', '10000', '50000', '30000', 100, 10, 'NCC02', 'DVT05', 'LSP03', '', 1, '2022-11-15 01:58:53'),
('SP036', 'Kid baby gold', 'helloasdo', 'D:/gocHocTap/app/DU_AN_1/build/classes/IMAGE/empty.png', '60000', '10000', '80000', 100, 10, 'NCC03', 'DVT05', 'LSP04', '', 1, '2022-11-15 02:00:33'),
('SP037', 'heaszxc', '124124', 'D:/gocHocTap/app/DU_AN_1/build/classes/IMAGE/empty.png', '1000', '10000', '5000', 99, 10, 'NCC01', 'DVT03', 'LSP01', '', 1, '2022-11-15 12:11:24'),
('SP038', 'hello bug', 'aglkasglkasljdlk', 'D:/gocHocTap/app/DU_AN_1/build/classes/IMAGE/empty.png', '1000', '5000', '3000', 100, 10, 'NCC03', 'MN01', 'LSP05', '', 1, '2022-11-15 12:34:02'),
('SP039', 'sanpham moi vl', '21312312', 'D:/gocHocTap/app/DU_AN_1/build/classes/IMAGE/empty.png', '100000', '10000', '5000', 100, 10, 'NCC03', 'DVT04', 'LSP03', '', 1, '2022-11-15 12:49:23'),
('SP03A', '7up 1,5L', '8934588023064', 'D:/gocHocTap/app/DU_AN_1/build/classes/IMAGE/empty.png', '3000', '5000', '999999', 48, 50, 'NCC03', 'MN01', 'LSP03', 'KO', 1, '2022-09-25 13:36:58'),
('SP03Ai', 'Thuốc lá Demi(mèo bạc)', '8934674015416', 'D:/gocHocTap/app/DU_AN_1/build/classes/IMAGE/empty.png', '3000', '15000', '999999', 62, 20, 'NCC03', 'MN01', 'LSP03', '', 1, '2022-09-25 13:36:58'),
('SP03Aiaa', 'Bia tiger lon', '8934822101336', 'D:/gocHocTap/app/DU_AN_1/build/classes/IMAGE/empty.png', '3000', '15000', '999999', 75, 50, 'NCC03', 'MN01', 'LSP03', '', 1, '2022-09-25 13:36:58'),
('SP03Aiaav', 'Pepsi lon', '8934588013065', 'D:/gocHocTap/app/DU_AN_1/build/classes/IMAGE/empty.png', '50000', '60000', '999999', 29, 50, 'NCC03', 'MN01', 'LSP03', '', 1, '2022-09-25 13:36:58'),
('SP03Aiaavf', 'Mirinda lon', '8934588132223', 'D:/gocHocTap/app/DU_AN_1/build/classes/IMAGE/empty.png', '95000', '150000', '999999', 35, 50, 'NCC03', 'MN01', 'LSP03', '', 1, '2022-09-25 13:36:58'),
('SP040', 'dfgdfklg', 'ádasdj', 'D:/gocHocTap/app/DU_AN_1/build/classes/IMAGE/empty.png', '1000', '5000', '3000', 100, 10, 'NCC03', 'DVT04', 'LSP02', '', 1, '2022-11-15 21:37:56'),
('SP041', 'hello world', '123', 'D:/gocHocTap/app/DU_AN_1/build/classes/IMAGE/empty.png', '1000', '5000', '1000', 100, 10, 'NCC03', 'MN01', 'LSP03', '', 1, '2022-11-16 01:06:19'),
('SP042', 'teaalshdjl', '123124901', 'D:/gocHocTap/app/DU_AN_1/build/classes/IMAGE/empty.png', '10000', '500000', '100000', 1000, 10, 'NCC02', 'DVT04', 'LSP02', '', 1, '2022-11-16 09:37:14'),
('SP043', 'hlalksdfjaslkjdas', '12758012851', 'D:/gocHocTap/app/DU_AN_1/build/classes/IMAGE/empty.png', '1000', '5000', '10000', 100, 10, 'NCC02', 'DVT04', 'LSP01', '', 1, '2022-11-16 10:14:29'),
('SP044', '12647125912sadasjkdsa', '12478912', 'D:/gocHocTap/app/DU_AN_1/build/classes/IMAGE/empty.png', '1000', '5000', '3000', 100, 10, 'NCC03', 'DVT05', 'LSP04', '', 1, '2022-11-16 10:17:22'),
('SP045', 'helloslo', '123', 'D:/gocHocTap/app/DU_AN_1/build/classes/IMAGE/empty.png', '1000', '5000', '3000', 100, 10, 'NCC02', 'DVT04', 'LSP03', '', 1, '2022-11-16 10:33:46'),
('SP046', 'test', '123', 'D:/gocHocTap/app/DU_AN_1/build/classes/IMAGE/empty.png', '10000', '20000', '15000', 100, 10, 'NCC03', 'DVT04', 'LSP02', '', 1, '2022-11-16 16:23:07'),
('SP047', 'sanpham mơi', '124519oqhw', 'D:/gocHocTap/app/DU_AN_1/build/classes/IMAGE/empty.png', '1000', '10000', '6000', 100, 10, 'NCC02', 'DVT05', 'LSP02', '', 1, '2022-11-16 16:36:05'),
('SP048', 'teasdasdasdsadas', '12312312321', 'D:/gocHocTap/app/DU_AN_1/build/classes/IMAGE/empty.png', '10000', '30000', '20000', 100, 10, 'NCC02', 'DVT04', 'LSP02', '', 1, '2022-11-16 18:13:38'),
('SP049', 'hello bugs', '123123', 'C:\\Users\\Admin\\Desktop\\shoponline\\hinhanh\\3D HCC.png', '10000', '30000', '20000', 100, 10, 'NCC03', 'DVT04', 'LSP03', '', 1, '2022-11-18 10:16:36');

-- --------------------------------------------------------

--
-- Cấu trúc bảng cho bảng `thongtincuahang`
--

CREATE TABLE `thongtincuahang` (
  `tencuahang` varchar(100) NOT NULL,
  `diachi` varchar(50) DEFAULT NULL,
  `sodienthoai` varchar(10) DEFAULT NULL,
  `email` varchar(50) DEFAULT NULL,
  `footercontent` varchar(50) DEFAULT NULL
) ENGINE=InnoDB DEFAULT CHARSET=utf8;

--
-- Đang đổ dữ liệu cho bảng `thongtincuahang`
--

INSERT INTO `thongtincuahang` (`tencuahang`, `diachi`, `sodienthoai`, `email`, `footercontent`) VALUES
('Cao đẳng thực hành FPT Polytechnic', 'Hà Huy Tập, TP.BMT, Đăk Lăk', '0909999999', 'venus19032001@gmail.com', 'Xin cảm ơn quý khách !');

-- --------------------------------------------------------

--
-- Cấu trúc bảng cho bảng `thutienkhachhang`
--

CREATE TABLE `thutienkhachhang` (
  `ID` int(20) NOT NULL,
  `ThoiGian` datetime DEFAULT NULL,
  `IDNhanVien` varchar(10) DEFAULT NULL,
  `IDKhachHang` varchar(10) DEFAULT NULL,
  `SoTien` decimal(10,0) DEFAULT NULL,
  `GhiChu` varchar(150) DEFAULT NULL
) ENGINE=InnoDB DEFAULT CHARSET=utf8;

--
-- Đang đổ dữ liệu cho bảng `thutienkhachhang`
--

INSERT INTO `thutienkhachhang` (`ID`, `ThoiGian`, `IDNhanVien`, `IDKhachHang`, `SoTien`, `GhiChu`) VALUES
(1, '2022-09-19 12:40:03', 'admin', 'KH01', NULL, ''),
(2, '2022-09-19 12:41:09', 'admin', 'KH01', NULL, ''),
(3, '2022-09-19 12:54:47', 'admin', 'KH01', '30000000', ''),
(4, '2022-09-19 01:20:23', 'NV09', 'KH01', '10000000', 'Khải đã thu 10 triệu'),
(5, '2022-09-19 01:21:29', 'NV09', 'KH01', '10000000', 'Khải đã thu tiền'),
(6, '2022-09-20 09:39:19', 'NV09', 'KH01', '5000000', 'Khải thu ngày 20-09'),
(7, '2022-09-25 03:03:17', 'admin', 'KH02', '365000', ''),
(8, '2022-10-18 09:04:05', 'NV06', 'KH02', '50000', ''),
(9, '2022-11-02 09:52:00', 'admin', 'KH02', '110000', ''),
(10, '2022-11-08 06:53:46', 'admin', 'KH05', '92000', ''),
(11, '2022-11-08 09:55:57', 'admin', 'KH05', '697000', ''),
(12, '2022-11-08 10:00:26', 'admin', 'KH04', '263556', ''),
(13, '2022-11-08 10:04:21', 'admin', 'KH04', '200000', ''),
(14, '2022-11-08 10:07:43', 'admin', 'KH03', '990000', ''),
(15, '2022-11-08 10:12:37', 'admin', 'KH03', '1300000', ''),
(16, '2022-11-14 03:52:27', 'admin', 'KH03', '300000', 'thu nợ'),
(17, '2022-11-16 05:55:51', 'admin', 'KH05', '7000000', '');

-- --------------------------------------------------------

--
-- Cấu trúc bảng cho bảng `trichkho`
--

CREATE TABLE `trichkho` (
  `ID` varchar(10) NOT NULL,
  `IDNhanVien` varchar(10) DEFAULT NULL,
  `ThoiGian` datetime DEFAULT NULL,
  `GhiChu` varchar(150) DEFAULT NULL
) ENGINE=InnoDB DEFAULT CHARSET=utf8;

--
-- Đang đổ dữ liệu cho bảng `trichkho`
--

INSERT INTO `trichkho` (`ID`, `IDNhanVien`, `ThoiGian`, `GhiChu`) VALUES
('TK10110379', 'admin', '2022-11-10 00:55:59', ''),
('TK10112276', 'admin', '2022-11-10 00:18:53', 'lần đầu trích kho'),
('TK10114232', 'admin', '2022-11-10 12:24:46', ''),
('TK10115761', 'admin', '2022-11-10 12:23:40', ''),
('TK10117002', 'admin', '2022-11-10 12:24:23', ''),
('TK10117493', 'admin', '2022-11-10 12:17:11', ''),
('TK10118578', 'admin', '2022-11-10 12:18:34', ''),
('TK10118796', 'admin', '2022-11-10 01:09:52', ''),
('TK10118940', 'admin', '2022-11-10 00:56:08', ''),
('TK12119935', 'NV06', '2022-11-12 22:21:45', ''),
('TK14111613', 'admin', '2022-11-14 16:00:30', 'ông chủ lấy uống');

--
-- Chỉ mục cho các bảng đã đổ
--

--
-- Chỉ mục cho bảng `account`
--
ALTER TABLE `account`
  ADD PRIMARY KEY (`Username`),
  ADD KEY `IDNhanVien` (`IDNhanVien`);

--
-- Chỉ mục cho bảng `chitiethoadon`
--
ALTER TABLE `chitiethoadon`
  ADD KEY `idsanpham` (`idsanpham`);

--
-- Chỉ mục cho bảng `donvitinh`
--
ALTER TABLE `donvitinh`
  ADD PRIMARY KEY (`ID`);

--
-- Chỉ mục cho bảng `hoadon`
--
ALTER TABLE `hoadon`
  ADD PRIMARY KEY (`ID`),
  ADD KEY `IDnhanvien` (`IDnhanvien`),
  ADD KEY `IDkhachHang` (`IDkhachHang`);

--
-- Chỉ mục cho bảng `khachhang`
--
ALTER TABLE `khachhang`
  ADD PRIMARY KEY (`ID`);

--
-- Chỉ mục cho bảng `loaisanpham`
--
ALTER TABLE `loaisanpham`
  ADD PRIMARY KEY (`ID`);

--
-- Chỉ mục cho bảng `nhacungcap`
--
ALTER TABLE `nhacungcap`
  ADD PRIMARY KEY (`ID`);

--
-- Chỉ mục cho bảng `nhanvien`
--
ALTER TABLE `nhanvien`
  ADD PRIMARY KEY (`id`);

--
-- Chỉ mục cho bảng `nhatkynhaphang`
--
ALTER TABLE `nhatkynhaphang`
  ADD PRIMARY KEY (`ID`),
  ADD KEY `IDnhanvien` (`IDnhanvien`),
  ADD KEY `IDncc` (`IDNhaCungCap`);

--
-- Chỉ mục cho bảng `nhatkytrahangncc`
--
ALTER TABLE `nhatkytrahangncc`
  ADD PRIMARY KEY (`ID`),
  ADD KEY `IDnhanvien` (`IDnhanvien`),
  ADD KEY `IDncc` (`IDncc`);

--
-- Chỉ mục cho bảng `phieuchi`
--
ALTER TABLE `phieuchi`
  ADD PRIMARY KEY (`ID`),
  ADD KEY `IDnhanvien` (`IDnhanvien`);

--
-- Chỉ mục cho bảng `phieutranoncc`
--
ALTER TABLE `phieutranoncc`
  ADD PRIMARY KEY (`ID`),
  ADD KEY `IDNhanVien` (`IDNhanVien`),
  ADD KEY `IDNcc` (`IDNcc`);

--
-- Chỉ mục cho bảng `sanpham`
--
ALTER TABLE `sanpham`
  ADD PRIMARY KEY (`ID`),
  ADD KEY `IDDonViTinh` (`IDDonViTinh`),
  ADD KEY `idLoaiSanPham` (`idLoaiSanPham`),
  ADD KEY `IDNhaCungCap` (`IDNhaCungCap`);

--
-- Chỉ mục cho bảng `thongtincuahang`
--
ALTER TABLE `thongtincuahang`
  ADD PRIMARY KEY (`tencuahang`);

--
-- Chỉ mục cho bảng `thutienkhachhang`
--
ALTER TABLE `thutienkhachhang`
  ADD PRIMARY KEY (`ID`),
  ADD KEY `IDNhanVien` (`IDNhanVien`),
  ADD KEY `IDKhachHang` (`IDKhachHang`);

--
-- Chỉ mục cho bảng `trichkho`
--
ALTER TABLE `trichkho`
  ADD PRIMARY KEY (`ID`),
  ADD KEY `IDNhanVien` (`IDNhanVien`);

--
-- AUTO_INCREMENT cho các bảng đã đổ
--

--
-- AUTO_INCREMENT cho bảng `phieuchi`
--
ALTER TABLE `phieuchi`
  MODIFY `ID` int(10) NOT NULL AUTO_INCREMENT, AUTO_INCREMENT=5;

--
-- AUTO_INCREMENT cho bảng `phieutranoncc`
--
ALTER TABLE `phieutranoncc`
  MODIFY `ID` int(11) NOT NULL AUTO_INCREMENT, AUTO_INCREMENT=12;

--
-- AUTO_INCREMENT cho bảng `thutienkhachhang`
--
ALTER TABLE `thutienkhachhang`
  MODIFY `ID` int(20) NOT NULL AUTO_INCREMENT, AUTO_INCREMENT=18;

--
-- Các ràng buộc cho các bảng đã đổ
--

--
-- Các ràng buộc cho bảng `account`
--
ALTER TABLE `account`
  ADD CONSTRAINT `account_ibfk_1` FOREIGN KEY (`IDNhanVien`) REFERENCES `nhanvien` (`id`);

--
-- Các ràng buộc cho bảng `chitiethoadon`
--
ALTER TABLE `chitiethoadon`
  ADD CONSTRAINT `chitiethoadon_ibfk_2` FOREIGN KEY (`idsanpham`) REFERENCES `sanpham` (`ID`);

--
-- Các ràng buộc cho bảng `hoadon`
--
ALTER TABLE `hoadon`
  ADD CONSTRAINT `hoadon_ibfk_1` FOREIGN KEY (`IDnhanvien`) REFERENCES `nhanvien` (`id`),
  ADD CONSTRAINT `hoadon_ibfk_2` FOREIGN KEY (`IDkhachHang`) REFERENCES `khachhang` (`ID`);

--
-- Các ràng buộc cho bảng `nhatkynhaphang`
--
ALTER TABLE `nhatkynhaphang`
  ADD CONSTRAINT `nhatkynhaphang_ibfk_1` FOREIGN KEY (`IDnhanvien`) REFERENCES `nhanvien` (`id`),
  ADD CONSTRAINT `nhatkynhaphang_ibfk_2` FOREIGN KEY (`IDNhaCungCap`) REFERENCES `nhacungcap` (`ID`);

--
-- Các ràng buộc cho bảng `nhatkytrahangncc`
--
ALTER TABLE `nhatkytrahangncc`
  ADD CONSTRAINT `nhatkytrahangncc_ibfk_1` FOREIGN KEY (`IDnhanvien`) REFERENCES `nhanvien` (`id`),
  ADD CONSTRAINT `nhatkytrahangncc_ibfk_2` FOREIGN KEY (`IDncc`) REFERENCES `nhacungcap` (`ID`);

--
-- Các ràng buộc cho bảng `phieuchi`
--
ALTER TABLE `phieuchi`
  ADD CONSTRAINT `phieuchi_ibfk_1` FOREIGN KEY (`IDnhanvien`) REFERENCES `nhanvien` (`id`);

--
-- Các ràng buộc cho bảng `phieutranoncc`
--
ALTER TABLE `phieutranoncc`
  ADD CONSTRAINT `phieutranoncc_ibfk_1` FOREIGN KEY (`IDNhanVien`) REFERENCES `nhanvien` (`id`),
  ADD CONSTRAINT `phieutranoncc_ibfk_2` FOREIGN KEY (`IDNcc`) REFERENCES `nhacungcap` (`ID`);

--
-- Các ràng buộc cho bảng `sanpham`
--
ALTER TABLE `sanpham`
  ADD CONSTRAINT `sanpham_ibfk_1` FOREIGN KEY (`IDDonViTinh`) REFERENCES `donvitinh` (`ID`),
  ADD CONSTRAINT `sanpham_ibfk_2` FOREIGN KEY (`idLoaiSanPham`) REFERENCES `loaisanpham` (`ID`),
  ADD CONSTRAINT `sanpham_ibfk_3` FOREIGN KEY (`IDNhaCungCap`) REFERENCES `nhacungcap` (`ID`);

--
-- Các ràng buộc cho bảng `thutienkhachhang`
--
ALTER TABLE `thutienkhachhang`
  ADD CONSTRAINT `thutienkhachhang_ibfk_1` FOREIGN KEY (`IDNhanVien`) REFERENCES `nhanvien` (`id`),
  ADD CONSTRAINT `thutienkhachhang_ibfk_2` FOREIGN KEY (`IDKhachHang`) REFERENCES `khachhang` (`ID`);

--
-- Các ràng buộc cho bảng `trichkho`
--
ALTER TABLE `trichkho`
  ADD CONSTRAINT `trichkho_ibfk_1` FOREIGN KEY (`IDNhanVien`) REFERENCES `nhanvien` (`id`);
COMMIT;

/*!40101 SET CHARACTER_SET_CLIENT=@OLD_CHARACTER_SET_CLIENT */;
/*!40101 SET CHARACTER_SET_RESULTS=@OLD_CHARACTER_SET_RESULTS */;
/*!40101 SET COLLATION_CONNECTION=@OLD_COLLATION_CONNECTION */;
